Time,Temp,Volt
0.0,44.953261375427246,66.11
0.5,44.95339107513428,68.13
1.0,44.956109046936035,70
1.5,44.95082187652588,70
2.0,44.95444869995117,70
2.5,44.95731830596924,70
3.0,44.94659233093262,70
3.5,44.940247535705566,70
4.0,44.930423736572266,70
4.5,44.928728103637695,70
5.0,44.93235397338867,70
5.5,44.92238235473633,70
6.0,44.92164611816406,70
6.5,44.915300369262695,70
7.0,44.89550971984863,70
7.5,44.8900728225708,70
8.0,44.88929557800293,70
8.5,44.88748264312744,70
9.0,44.87766075134277,70
9.5,44.87233829498291,70
10.0,44.870527267456055,70
10.5,44.86344337463379,70
11.0,44.856191635131836,70
11.5,44.857248306274414,70
12.0,44.85921096801758,70
12.5,44.86102485656738,70
13.0,44.85753059387207,70
13.5,44.85843563079834,70
14.0,44.85584735870361,70
14.5,44.85041046142578,70
15.0,44.85148334503174,70
15.5,44.86054706573486,70
16.0,44.86521244049072,70
16.5,44.86264514923096,70
17.0,44.858113288879395,70
17.5,44.85720634460449,70
18.0,44.860076904296875,70
18.5,44.8683443069458,70
19.0,44.87106227874756,70
19.5,44.87468910217285,70
20.0,44.87304496765137,70
20.5,44.86775779724121,70
21.0,44.8695707321167,70
21.5,44.879690170288086,70
22.0,44.88875484466553,70
22.5,44.891608238220215,70
23.0,44.90973663330078,70
23.5,44.92527770996094,70
24.0,44.94340515136719,70
24.5,44.95894432067871,70
25.0,44.968177795410156,70
25.5,44.9755802154541,70
26.0,44.9864559173584,70
26.5,44.98917484283447,70
27.0,44.99566841125488,70
27.5,45.00394248962402,70
28.0,45.0193510055542,70
28.5,45.026601791381836,70
29.0,45.03400135040283,70
29.5,45.053205490112305,70
30.0,45.06680202484131,70
30.5,45.09580707550049,70
31.0,45.110440254211426,70
31.5,45.12131595611572,70
32.0,45.125999450683594,70
32.5,45.13687610626221,70
33.0,45.14335060119629,70
33.5,45.16057300567627,70
34.0,45.18155288696289,70
34.5,45.19968032836914,70
35.0,45.21797752380371,70
35.5,45.234442710876465,70
36.0,45.247132301330566,70
36.5,45.271756172180176,70
37.0,45.291808128356934,70
37.5,45.31537437438965,70
38.0,45.3363733291626,70
38.5,45.36447048187256,70
39.0,45.385488510131836,70
39.5,45.39727210998535,70
40.0,45.41721153259277,70
40.5,45.43171405792236,70
41.0,45.44196701049805,70
41.5,45.455562591552734,70
42.0,45.47470664978027,70
42.5,45.4964599609375,70
43.0,45.52017784118652,70
43.5,45.543745040893555,70
44.0,45.5720100402832,70
44.5,45.57926082611084,70
45.0,45.595577239990234,70
45.5,45.612046241760254,70
46.0,45.64376926422119,70
46.5,45.66746711730957,70
47.0,45.69828414916992,70
47.5,45.726515769958496,70
48.0,45.74826908111572,70
48.5,45.77742004394531,70
49.0,45.81294345855713,70
49.5,45.84738540649414,70
50.0,45.879109382629395,70
50.5,45.90099239349365,70
51.0,45.92833614349365,70
51.5,45.95008945465088,70
52.0,45.96821689605713,70
52.5,46.00020408630371,70
53.0,46.01368427276611,70
53.5,46.040992736816406,70
54.0,46.06472682952881,70
54.5,46.08376121520996,70
55.0,46.11291790008545,70
55.5,46.13013935089111,70
56.0,46.147491455078125,70
56.5,46.161993980407715,70
57.0,46.19022274017334,70
57.5,46.210161209106445,70
58.0,46.2310094833374,70
58.5,46.24202060699463,70
59.0,46.2721004486084,70
59.5,46.29294681549072,70
60.0,46.32028865814209,70
60.5,46.34385395050049,70
61.0,46.35654640197754,70
61.5,46.37301158905029,70
62.0,46.39295196533203,70
62.5,46.41572189331055,70
63.0,46.43838024139404,70
63.5,46.46662998199463,70
64.0,46.49669170379639,70
64.5,46.518446922302246,70
65.0,46.535837173461914,70
65.5,46.5621223449707,70
66.0,46.59578990936279,70
66.5,46.6238899230957,70
67.0,46.643075942993164,70
67.5,46.671173095703125,70
68.0,46.68023872375488,70
68.5,46.6966667175293,70
69.0,46.70406436920166,70
69.5,46.71766185760498,70
70.0,46.73306846618652,70
70.5,46.748650550842285,70
71.0,46.77130889892578,70
71.5,46.789584159851074,70
72.0,46.80861949920654,70
72.5,46.82869338989258,70
73.0,46.84423542022705,70
73.5,46.86780261993408,70
74.0,46.87790393829346,70
74.5,46.90859031677246,70
75.0,46.92503547668457,70
75.5,46.94695568084717,70
76.0,46.956021308898926,70
76.5,46.96236610412598,70
77.0,46.967955589294434,70
77.5,46.97898006439209,70
78.0,46.98713779449463,70
78.5,46.99166965484619,70
79.0,47.011610984802246,70
79.5,47.02532196044922,70
80.0,47.04813289642334,70
80.5,47.06625938415527,70
81.0,47.08183765411377,70
81.5,47.09815311431885,70
82.0,47.114620208740234,70
82.5,47.12277698516846,70
83.0,47.13559627532959,70
83.5,47.15825653076172,70
84.0,47.18014049530029,70
84.5,47.205519676208496,70
85.0,47.22727394104004,70
85.5,47.24281597137451,70
86.0,47.25913047790527,70
86.5,47.279239654541016,70
87.0,47.29555320739746,70
87.5,47.30295658111572,70
88.0,47.30386257171631,70
88.5,47.3040132522583,70
89.0,47.313984870910645,70
89.5,47.329505920410156,70
90.0,47.34491539001465,70
90.5,47.362135887145996,70
91.0,47.383131980895996,70
91.5,47.39780521392822,70
92.0,47.42409038543701,70
92.5,47.434967041015625,70
93.0,47.46578407287598,70
93.5,47.481324195861816,70
94.0,47.5077600479126,70
94.5,47.52135753631592,70
95.0,47.546735763549805,70
95.5,47.570451736450195,70
96.0,47.589487075805664,70
96.5,47.61135387420654,70
97.0,47.61860466003418,70
97.5,47.63220024108887,70
98.0,47.640525817871094,70
98.5,47.65971088409424,70
99.0,47.68237113952637,70
99.5,47.698686599731445,70
100.0,47.723307609558105,70
100.5,47.739623069763184,70
101.0,47.751404762268066,70
101.5,47.763322830200195,70
102.0,47.77510643005371,70
102.5,47.78339767456055,70
103.0,47.795180320739746,70
103.5,47.797160148620605,70
104.0,47.81256866455078,70
104.5,47.82538890838623,70
105.0,47.82720184326172,70
105.5,47.8389835357666,70
106.0,47.847293853759766,70
106.5,47.86270332336426,70
107.0,47.866475105285645,70
107.5,47.86828899383545,70
108.0,47.88369560241699,70
108.5,47.89378261566162,70
109.0,47.90466022491455,70
109.5,47.92369365692139,70
110.0,47.938364028930664,70
110.5,47.95740032196045,70
111.0,47.9738655090332,70
111.5,47.99108695983887,70
112.0,48.01737308502197,70
112.5,48.04275321960449,70
113.0,48.05466556549072,70
113.5,48.07460594177246,70
114.0,48.09379482269287,70
114.5,48.10920333862305,70
115.0,48.14013195037842,70
115.5,48.1627893447876,70
116.0,48.18922710418701,70
116.5,48.217326164245605,70
117.0,48.23092174530029,70
117.5,48.250861167907715,70
118.0,48.27261543273926,70
118.5,48.288193702697754,70
119.0,48.29740810394287,70
119.5,48.3028450012207,70
120.0,48.313721656799316,70
120.5,48.332000732421875,70
121.0,48.33381366729736,70
121.5,48.353755950927734,70
122.0,48.36655330657959,70
122.5,48.37290000915527,70
123.0,48.37758255004883,70
123.5,48.377431869506836,70
124.0,48.382113456726074,70
124.5,48.397522926330566,70
125.0,48.424882888793945,70
125.5,48.43485355377197,70
126.0,48.444823265075684,70
126.5,48.452208518981934,70
127.0,48.462178230285645,70
127.5,48.45945930480957,70
128.0,48.48393249511719,70
128.5,48.486802101135254,70
129.0,48.48238182067871,70
129.5,48.48872661590576,70
130.0,48.49612617492676,70
130.5,48.496127128601074,70
131.0,48.51606750488281,70
131.5,48.525132179260254,70
132.0,48.54343032836914,70
132.5,48.55883979797363,70
133.0,48.571529388427734,70
133.5,48.585124015808105,70
134.0,48.591617584228516,70
134.5,48.61790370941162,70
135.0,48.633445739746094,70
135.5,48.63888359069824,70
136.0,48.64432239532471,70
136.5,48.657145500183105,70
137.0,48.65895652770996,70
137.5,48.67255401611328,70
138.0,48.66983413696289,70
138.5,48.66726589202881,70
139.0,48.67179870605469,70
139.5,48.694457054138184,70
140.0,48.703673362731934,70
140.5,48.72270679473877,70
141.0,48.73811626434326,70
141.5,48.76635932922363,70
142.0,48.78358268737793,70
142.5,48.803526878356934,70
143.0,48.83177089691162,70
143.5,48.848992347717285,70
144.0,48.86270523071289,70
144.5,48.879018783569336,70
145.0,48.89911079406738,70
145.5,48.920714378356934,70
146.0,48.93083381652832,70
146.5,48.94171333312988,70
147.0,48.95621395111084,70
147.5,48.969810485839844,70
148.0,48.989012718200684,70
148.5,48.997169494628906,70
149.0,49.01167297363281,70
149.5,49.01892280578613,70
150.0,49.02632522583008,70
150.5,49.03448295593262,70
151.0,49.04368019104004,70
151.5,49.05727577209473,70
152.0,49.08356189727783,70
152.5,49.10181903839111,70
153.0,49.11632061004639,70
153.5,49.139854431152344,70
154.0,49.16080951690674,70
154.5,49.17696475982666,70
155.0,49.18887710571289,70
155.5,49.202454566955566,70
156.0,49.22345542907715,70
156.5,49.24791240692139,70
157.0,49.25877380371094,70
157.5,49.27417469024658,70
158.0,49.28610420227051,70
158.5,49.306793212890625,70
159.0,49.3087682723999,70
159.5,49.31871032714844,70
160.0,49.33768367767334,70
160.5,49.355003356933594,70
161.0,49.37307834625244,70
161.5,49.39296627044678,70
162.0,49.39850997924805,70
162.5,49.40756607055664,70
163.0,49.419307708740234,70
163.5,49.43106746673584,70
164.0,49.436628341674805,70
164.5,49.45126819610596,70
165.0,49.48273181915283,70
165.5,49.49105739593506,70
166.0,49.510061264038086,70
166.5,49.51820087432861,70
167.0,49.536417961120605,70
167.5,49.55452537536621,70
168.0,49.56174373626709,70
168.5,49.575324058532715,70
169.0,49.5845251083374,70
169.5,49.588128089904785,70
170.0,49.600786209106445,70
170.5,49.621564865112305,70
171.0,49.63253116607666,70
171.5,49.63885498046875,70
172.0,49.64967918395996,70
172.5,49.664137840270996,70
173.0,49.68776893615723,70
173.5,49.68955707550049,70
174.0,49.686811447143555,70
174.5,49.6985387802124,70
175.0,49.715874671936035,70
175.5,49.72488975524902,70
176.0,49.736618995666504,70
176.5,49.76462650299072,70
177.0,49.77998638153076,70
177.5,49.80003356933594,70
178.0,49.81631374359131,70
178.5,49.831695556640625,70
179.0,49.848111152648926,70
179.5,49.86709403991699,70
180.0,49.88517475128174,70
180.5,49.895103454589844,70
181.0,49.90878677368164,70
181.5,49.91241455078125,70
182.0,49.92870235443115,70
182.5,49.95222473144531,70
183.0,49.96597099304199,70
183.5,49.984975814819336,70
184.0,50.00848865509033,70
184.5,50.029297828674316,70
185.0,50.038472175598145,70
185.5,50.05102729797363,70
186.0,50.07105541229248,70
186.5,50.07828903198242,70
187.0,50.09456825256348,70
187.5,50.10739994049072,70
188.0,50.120967864990234,70
188.5,50.12728977203369,70
189.0,50.13089370727539,70
189.5,50.13000011444092,70
190.0,50.12561511993408,70
190.5,50.12561321258545,70
191.0,50.11671257019043,70
191.5,50.11579895019531,70
192.0,50.1176118850708,70
192.5,50.1167106628418,70
193.0,50.129374504089355,70
193.5,50.1358118057251,70
194.0,50.14122295379639,70
194.5,50.15207386016846,70
195.0,50.16019153594971,70
195.5,50.16123962402344,70
196.0,50.16665458679199,70
196.5,50.18112564086914,70
197.0,50.20012187957764,70
197.5,50.21296501159668,70
198.0,50.23357963562012,70
198.5,50.25004005432129,70
199.0,50.26541328430176,70
199.5,50.285444259643555,70
200.0,50.29266929626465,70
200.5,50.30790042877197,70
201.0,50.320674896240234,70
201.5,50.327019691467285,70
202.0,50.33879089355469,70
202.5,50.35340595245361,70
203.0,50.366997718811035,70
203.5,50.376933097839355,70
204.0,50.37783145904541,70
204.5,50.39065361022949,70
205.0,50.39425754547119,70
205.5,50.40781021118164,70
206.0,50.41051483154297,70
206.5,50.415170669555664,70
207.0,50.43313407897949,70
207.5,50.450316429138184,70
208.0,50.46853542327881,70
208.5,50.486618995666504,70
209.0,50.49657154083252,70
209.5,50.5121374130249,70
210.0,50.52477169036865,70
210.5,50.53922462463379,70
211.0,50.54735088348389,70
211.5,50.55910778045654,70
212.0,50.57282733917236,70
212.5,50.58185291290283,70
213.0,50.59705924987793,70
213.5,50.61710071563721,70
214.0,50.629759788513184,70
214.5,50.640583992004395,70
215.0,50.65684700012207,70
215.5,50.67598628997803,70
216.0,50.689552307128906,70
216.5,50.70583629608154,70
217.0,50.710381507873535,70
217.5,50.72586917877197,70
218.0,50.72048473358154,70
218.5,50.72952938079834,70
219.0,50.74308681488037,70
219.5,50.747610092163086,70
220.0,50.75483417510986,70
220.5,50.760252952575684,70
221.0,50.74944877624512,70
221.5,50.75414180755615,70
222.0,50.752366065979004,70
222.5,50.76775360107422,70
223.0,50.77677917480469,70
223.5,50.77587604522705,70
224.0,50.76415252685547,70
224.5,50.753326416015625,70
225.0,50.7381591796875,70
225.5,50.74266719818115,70
226.0,50.74898624420166,70
226.5,50.7462797164917,70
227.0,50.74821186065674,70
227.5,50.766252517700195,70
228.0,50.783390045166016,70
228.5,50.80323314666748,70
229.0,50.81766700744629,70
229.5,50.82758712768555,70
230.0,50.840216636657715,70
230.5,50.83931541442871,70
231.0,50.82232475280762,70
231.5,50.849385261535645,70
232.0,50.85028839111328,70
232.5,50.86122417449951,70
233.0,50.87204837799072,70
233.5,50.86754131317139,70
234.0,50.8873815536499,70
234.5,50.90452194213867,70
235.0,50.92631721496582,70
235.5,50.95142841339111,70
236.0,50.97682857513428,70
236.5,50.973222732543945,70
237.0,50.98314380645752,70
237.5,50.983144760131836,70
238.0,50.99233341217041,70
238.5,50.993967056274414,70
239.0,51.00947284698486,70
239.5,51.01578712463379,70
240.0,51.04194450378418,70
240.5,51.058183670043945,70
241.0,51.063591957092285,70
241.5,51.064645767211914,70
242.0,51.0736665725708,70
242.5,51.07095813751221,70
243.0,51.068251609802246,70
243.5,51.067349433898926,70
244.0,51.069153785705566,70
244.5,51.08010673522949,70
245.0,51.078304290771484,70
245.5,51.081912994384766,70
246.0,51.0746955871582,70
246.5,51.07843589782715,70
247.0,51.070186614990234,70
247.5,51.08565330505371,70
248.0,51.08204460144043,70
248.5,51.09196758270264,70
249.0,51.09016418457031,70
249.5,51.09557342529297,70
250.0,51.0955753326416,70
250.5,51.10008430480957,70
251.0,51.10910701751709,70
251.5,51.1182746887207,70
252.0,51.12819862365723,70
252.5,51.139923095703125,70
253.0,51.15632724761963,70
253.5,51.17961025238037,70
254.0,51.196916580200195,70
254.5,51.20413303375244,70
255.0,51.21856498718262,70
255.5,51.22487926483154,70
256.0,51.22937297821045,70
256.5,51.22932815551758,70
257.0,51.213135719299316,70
257.5,51.215806007385254,70
258.0,51.209317207336426,70
258.5,51.215744972229004,70
259.0,51.2238655090332,70
259.5,51.22295093536377,70
260.0,51.24189567565918,70
260.5,51.25452423095703,70
261.0,51.26715087890625,70
261.5,51.26275444030762,70
262.0,51.26277160644531,70
262.5,51.27542209625244,70
263.0,51.28354740142822,70
263.5,51.289889335632324,70
264.0,51.30978202819824,70
264.5,51.32334232330322,70
265.0,51.33602523803711,70
265.5,51.341553688049316,70
266.0,51.346978187561035,70
266.5,51.35690879821777,70
267.0,51.37135410308838,70
267.5,51.3705997467041,70
268.0,51.375986099243164,70
268.5,51.38773250579834,70
269.0,51.39498329162598,70
269.5,51.39048480987549,70
270.0,51.39590263366699,70
270.5,51.396803855895996,70
271.0,51.40492057800293,70
271.5,51.418450355529785,70
272.0,51.42747211456299,70
272.5,51.44658088684082,70
273.0,51.44026851654053,70
273.5,51.453797340393066,70
274.0,51.47198677062988,70
274.5,51.48536682128906,70
275.0,51.49799728393555,70
275.5,51.51528453826904,70
276.0,51.53512763977051,70
276.5,51.54865646362305,70
277.0,51.56489372253418,70
277.5,51.57404899597168,70
278.0,51.5703067779541,70
278.5,51.57314491271973,70
279.0,51.5830659866333,70
279.5,51.59917163848877,70
280.0,51.606520652770996,70
280.5,51.613736152648926,70
281.0,51.62546348571777,70
281.5,51.63357925415039,70
282.0,51.65252208709717,70
282.5,51.64994430541992,70
283.0,51.65535545349121,70
283.5,51.66978740692139,70
284.0,51.6815128326416,70
284.5,51.6806116104126,70
285.0,51.6887321472168,70
285.5,51.68344783782959,70
286.0,51.685120582580566,70
286.5,51.6806116104126,70
287.0,51.65909481048584,70
287.5,51.687960624694824,70
288.0,51.678038597106934,70
288.5,51.685120582580566,70
289.0,51.691569328308105,70
289.5,51.69878387451172,70
290.0,51.706167221069336,70
290.5,51.72043228149414,70
291.0,51.73756980895996,70
291.5,51.75307083129883,70
292.0,51.76930809020996,70
292.5,51.790053367614746,70
293.0,51.795467376708984,70
293.5,51.79832363128662,70
294.0,51.803585052490234,70
294.5,51.81170177459717,70
295.0,51.8181676864624,70
295.5,51.821773529052734,70
296.0,51.83169746398926,70
296.5,51.857855796813965,70
297.0,51.87138366699219,70
297.5,51.88401508331299,70
298.0,51.8912296295166,70
298.5,51.89123058319092,70
299.0,51.90385627746582,70
299.5,51.90581130981445,70
300.0,51.9130277633667,70
300.5,51.92204761505127,70
301.0,51.94008731842041,70
301.5,51.94550037384033,70
302.0,51.94820594787598,70
302.5,51.96274948120117,70
303.0,51.96444129943848,70
303.5,51.95993137359619,70
304.0,51.96635437011719,70
304.5,51.974364280700684,70
305.0,51.98530101776123,70
305.5,51.992515563964844,70
306.0,52.00243949890137,70
306.5,52.005934715270996,70
307.0,52.01236343383789,70
307.5,52.01957988739014,70
308.0,52.01777458190918,70
308.5,52.02769470214844,70
309.0,52.0251407623291,70
309.5,52.027695655822754,70
310.0,52.0394229888916,70
310.5,52.053850173950195,70
311.0,52.058363914489746,70
311.5,52.069339752197266,70
312.0,52.073845863342285,70
312.5,52.08722686767578,70
313.0,52.10526657104492,70
313.5,52.116238594055176,70
314.0,52.12796974182129,70
314.5,52.13879203796387,70
315.0,52.14059925079346,70
315.5,52.15322685241699,70
316.0,52.1631498336792,70
316.5,52.16765308380127,70
317.0,52.18389129638672,70
317.5,52.192161560058594,70
318.0,52.192161560058594,70
318.5,52.208248138427734,70
319.0,52.21741771697998,70
319.5,52.2147102355957,70
320.0,52.21922492980957,70
320.5,52.22643852233887,70
321.0,52.246283531188965,70
321.5,52.265220642089844,70
322.0,52.27694797515869,70
322.5,52.304009437561035,70
323.0,52.32943153381348,70
323.5,52.35108184814453,70
324.0,52.3555908203125,70
324.5,52.361905097961426,70
325.0,52.377238273620605,70
325.5,52.382649421691895,70
326.0,52.40520191192627,70
326.5,52.41872978210449,70
327.0,52.42504405975342,70
327.5,52.42594909667969,70
328.0,52.43406677246094,70
328.5,52.44128131866455,70
329.0,52.44669437408447,70
329.5,52.45494079589844,70
330.0,52.44218635559082,70
330.5,52.43948268890381,70
331.0,52.44411849975586,70
331.5,52.44682312011719,70
332.0,52.44489097595215,70
332.5,52.435872077941895,70
333.0,52.427884101867676,70
333.5,52.425047874450684,70
334.0,52.42968559265137,70
334.5,52.43239116668701,70
335.0,52.4251766204834,70
335.5,52.418861389160156,70
336.0,52.41886234283447,70
336.5,52.422468185424805,70
337.0,52.42968559265137,70
337.5,52.43419647216797,70
338.0,52.440510749816895,70
338.5,52.43509864807129,70
339.0,52.44502067565918,70
339.5,52.45960330963135,70
340.0,52.46501445770264,70
340.5,52.48305606842041,70
341.0,52.49568271636963,70
341.5,52.50635623931885,70
342.0,52.512821197509766,70
342.5,52.51462459564209,70
343.0,52.533568382263184,70
343.5,52.53627300262451,70
344.0,52.543490409851074,70
344.5,52.54168510437012,70
345.0,52.54980278015137,70
345.5,52.54709720611572,70
346.0,52.547096252441406,70
346.5,52.55431270599365,70
347.0,52.55792045593262,70
347.5,52.56152820587158,70
348.0,52.58768844604492,70
348.5,52.55070495605469,70
349.0,52.5499153137207,70
349.5,52.5526180267334,70
350.0,52.55532646179199,70
350.5,52.563448905944824,70
351.0,52.55893135070801,70
351.5,52.55082035064697,70
352.0,52.54449939727783,70
352.5,52.53638553619385,70
353.0,52.528265953063965,70
353.5,52.53007507324219,70
354.0,52.53277587890625,70
354.5,52.5318717956543,70
355.0,52.53097152709961,70
355.5,52.526461601257324,70
356.0,52.51653861999512,70
356.5,52.521047592163086,70
357.0,52.51564121246338,70
357.5,52.530070304870605,70
358.0,52.53818893432617,70
358.5,52.54359722137451,70
359.0,52.54284858703613,70
359.5,52.543752670288086,70
360.0,52.53563404083252,70
360.5,52.53202724456787,70
361.0,52.538336753845215,70
361.5,52.53744125366211,70
362.0,52.55006504058838,70
362.5,52.552772521972656,70
363.0,52.562692642211914,70
363.5,52.56539821624756,70
364.0,52.559081077575684,70
364.5,52.563764572143555,70
365.0,52.570810317993164,70
365.5,52.593360900878906,70
366.0,52.60238265991211,70
366.5,52.61951732635498,70
367.0,52.628539085388184,70
367.5,52.63953399658203,70
368.0,52.65486812591553,70
368.5,52.662086486816406,70
369.0,52.666595458984375,70
369.5,52.662986755371094,70
370.0,52.67364311218262,70
370.5,52.67995357513428,70
371.0,52.671104431152344,70
371.5,52.6655216217041,70
372.0,52.672006607055664,70
372.5,52.67561340332031,70
373.0,52.692752838134766,70
373.5,52.69997024536133,70
374.0,52.71169471740723,70
374.5,52.713500022888184,70
375.0,52.72432231903076,70
375.5,52.72612762451172,70
376.0,52.72883224487305,70
376.5,52.737853050231934,70
377.0,52.754990577697754,70
377.5,52.76325702667236,70
378.0,52.77212905883789,70
378.5,52.791072845458984,70
379.0,52.80550479888916,70
379.5,52.820085525512695,70
380.0,52.85331153869629,70
380.5,52.85345268249512,70
381.0,52.86233139038086,70
381.5,52.87330150604248,70
382.0,52.89495277404785,70
382.5,52.90652942657471,70
383.0,52.94095039367676,70
383.5,52.95899295806885,70
384.0,52.976128578186035,70
384.5,52.99687576293945,70
385.0,53.00319004058838,70
385.5,53.018524169921875,70
386.0,53.03115272521973,70
386.5,53.043782234191895,70
387.0,53.04648971557617,70
387.5,53.060919761657715,70
388.0,53.06723499298096,70
388.5,53.0736780166626,70
389.0,53.0745792388916,70
389.5,53.07367515563965,70
390.0,53.06272315979004,70
390.5,53.05009746551514,70
391.0,53.0538330078125,70
391.5,53.05473518371582,70
392.0,53.05293273925781,70
392.5,53.05473613739014,70
393.0,53.061049461364746,70
393.5,53.08179473876953,70
394.0,53.08450126647949,70
394.5,53.09261989593506,70
395.0,53.08901119232178,70
395.5,53.081929206848145,70
396.0,53.07831954956055,70
396.5,53.06555938720703,70
397.0,53.06014633178711,70
397.5,53.05292987823486,70
398.0,53.05473613739014,70
398.5,53.0548677444458,70
399.0,53.061049461364746,70
399.5,53.07277488708496,70
400.0,53.08102512359619,70
400.5,53.09004592895508,70
401.0,53.09726142883301,70
401.5,53.09275150299072,70
402.0,53.087340354919434,70
402.5,53.09365463256836,70
403.0,53.10177421569824,70
403.5,53.10808563232422,70
404.0,53.098167419433594,70
404.5,53.09726047515869,70
405.0,53.08463382720947,70
405.5,53.07922172546387,70
406.0,53.07651710510254,70
406.5,53.07651615142822,70
407.0,53.07200527191162,69.97
407.5,53.07380962371826,68.41
408.0,53.073808670043945,66.88
408.5,53.08192729949951,65.23
409.0,53.09829807281494,63.48
409.5,53.107184410095215,61.81
410.0,53.10177230834961,60.33
410.5,53.113633155822754,58.63
411.0,53.118141174316406,57.01
411.5,53.11349582672119,55.51
412.0,53.12896537780762,53.75
412.5,53.13798427581787,52.07
413.0,53.14700698852539,50.39
413.5,53.16324234008789,48.6
414.0,53.16955757141113,46.94
414.5,53.174835205078125,45.28
415.0,53.190300941467285,43.5
415.5,53.185791015625,41.96
416.0,53.185791015625,40.37
416.5,53.18489074707031,38.79
417.0,53.18686103820801,37.17
417.5,53.1895637512207,35.54
418.0,53.19210720062256,33.91
418.5,53.21104907989502,32.07
419.0,53.204734802246094,30.55
419.5,53.19571495056152,29.06
420.0,53.181447982788086,27.65
420.5,53.18128299713135,26.06
421.0,53.17406463623047,24.56
421.5,53.16143798828125,23.14
422.0,53.16775131225586,21.48
422.5,53.173163414001465,19.82
423.0,53.179643630981445,18.15
423.5,53.17693614959717,16.6
424.0,53.17784023284912,15.0
424.5,53.16701793670654,13.55
425.0,53.17693614959717,11.84
425.5,53.18505382537842,10.14
426.0,53.19858741760254,8.37
426.5,53.203996658325195,6.7
427.0,53.21121597290039,5.01
427.5,53.22383785247803,3.24
428.0,53.226545333862305,1.59
428.5,53.23466396331787,0
429.0,53.23015594482422,0
429.5,53.23195838928223,0
430.0,53.23466491699219,0
430.5,53.22113227844238,0
431.0,53.2247428894043,0
431.5,53.21767997741699,0
432.0,53.206703186035156,0
432.5,53.1987361907959,0
433.0,53.19963836669922,0
433.5,53.20129203796387,0
434.0,53.214820861816406,0
434.5,53.22489547729492,0
435.0,53.23120975494385,0
435.5,53.23391628265381,0
436.0,53.23301410675049,0
436.5,53.2438383102417,0
437.0,53.25466060638428,0
437.5,53.249250411987305,0
438.0,53.25556468963623,0
438.5,53.26007270812988,0
439.0,53.26830196380615,0
439.5,53.27901554107666,0
440.0,53.28172206878662,0
440.5,53.29615592956543,0
441.0,53.29615306854248,0
441.5,53.305174827575684,0
442.0,53.316107749938965,0
442.5,53.325921058654785,0
443.0,53.331443786621094,0
443.5,53.34677696228027,0
444.0,53.3485803604126,0
444.5,53.35027599334717,0
445.0,53.356698989868164,0
445.5,53.35759925842285,0
446.0,53.361098289489746,0
446.5,53.36301136016846,0
447.0,53.349371910095215,0
447.5,53.342267990112305,0
448.0,53.32592010498047,0
448.5,53.32783222198486,0
449.0,53.332343101501465,0
449.5,53.332496643066406,0
450.0,53.34226703643799,0
450.5,53.33955955505371,0
451.0,53.33144283294678,0
451.5,53.32783508300781,0
452.0,53.3332462310791,0
452.5,53.33610439300537,0
453.0,53.329787254333496,0
453.5,53.32963752746582,0
454.0,53.324225425720215,0
454.5,53.32152080535889,0
455.0,53.31986713409424,0
455.5,53.319716453552246,0
456.0,53.31174564361572,0
456.5,53.2910041809082,0
457.0,53.28739547729492,0
457.5,53.277320861816406,0
458.0,53.268301010131836,0
458.5,53.265748023986816,0
459.0,53.253116607666016,0
459.5,53.25492191314697,0
460.0,53.249510765075684,0
460.5,53.237032890319824,0
461.0,53.24770450592041,0
461.5,53.24319648742676,0
462.0,53.245901107788086,0
462.5,53.241390228271484,0
463.0,53.24499797821045,0
463.5,53.22966384887695,0
464.0,53.21793842315674,0
464.5,53.20260429382324,0
465.0,53.19448661804199,0
465.5,53.199148178100586,0
466.0,53.18110752105713,0
466.5,53.160359382629395,0
467.0,53.15931034088135,0
467.5,53.1385612487793,0
468.0,53.126834869384766,0
468.5,53.11255359649658,0
469.0,53.10969924926758,0
469.5,53.103535652160645,0
470.0,53.09271049499512,0
470.5,53.093461990356445,0
471.0,53.07827949523926,0
471.5,53.05211925506592,0
472.0,53.02776527404785,0
472.5,52.99258804321289,0
473.0,52.965697288513184,0
473.5,52.93576240539551,0
474.0,52.91050338745117,0
474.5,52.88254356384277,0
475.0,52.85638427734375,0
475.5,52.82408142089844,0
476.0,52.806941986083984,0
476.5,52.7878303527832,0
477.0,52.763479232788086,0
477.5,52.749046325683594,0
478.0,52.72125244140625,0
478.5,52.6976318359375,0
479.0,52.67975902557373,0
479.5,52.655405044555664,0
480.0,52.639166831970215,0
480.5,52.62473678588867,0
481.0,52.59677219390869,0
481.5,52.58158874511719,0
482.0,52.56159591674805,0
482.5,52.53633785247803,0
483.0,52.512887954711914,0
483.5,52.48763084411621,0
484.0,52.46703338623047,0
484.5,52.44523525238037,0
485.0,52.43080520629883,0
485.5,52.413665771484375,0
486.0,52.39472484588623,0
486.5,52.37578105926514,0
487.0,52.34782028198242,0
487.5,52.31624889373779,0
488.0,52.295653343200684,0
488.5,52.26754188537598,0
489.0,52.25235843658447,0
489.5,52.223341941833496,0
490.0,52.191922187805176,0
490.5,52.169222831726074,0
491.0,52.15764808654785,0
491.5,52.146671295166016,0
492.0,52.13509559631348,0
492.5,52.12156677246094,0
493.0,52.097063064575195,0
493.5,52.08368110656738,0
494.0,52.05842590332031,0
494.5,52.02595329284668,0
495.0,52.00340270996094,0
495.5,51.97724437713623,0
496.0,51.964616775512695,0
496.5,51.91590976715088,0
497.0,51.894259452819824,0
497.5,51.86449337005615,0
498.0,51.8401403427124,0
498.5,51.82119941711426,0
499.0,51.803157806396484,0
499.5,51.77519416809082,0
500.0,51.749938011169434,0
500.5,51.72107410430908,0
501.0,51.68679714202881,0
501.5,51.672367095947266,0
502.0,51.6435022354126,0
502.5,51.61644268035889,0
503.0,51.606520652770996,0
503.5,51.58126354217529,0
504.0,51.55781173706055,0
504.5,51.53706359863281,0
505.0,51.50729942321777,0
505.5,51.478434562683105,0
506.0,51.43784523010254,0
506.5,51.41709804534912,0
507.0,51.39197540283203,0
507.5,51.37566089630127,0
508.0,51.35575008392334,0
508.5,51.33674335479736,0
509.0,51.312326431274414,0
509.5,51.30416488647461,0
510.0,51.27962589263916,0
510.5,51.241679191589355,0
511.0,51.212772369384766,0
511.5,51.19755268096924,0
512.0,51.17315483093262,0
512.5,51.14335346221924,0
513.0,51.13523578643799,0
513.5,51.12167930603027,0
514.0,51.10811901092529,0
514.5,51.0783166885376,0
515.0,51.06024169921875,0
515.5,51.04127216339111,0
516.0,51.022427558898926,0
516.5,50.99702548980713,0
517.0,50.977171897888184,0
517.5,50.94376754760742,0
518.0,50.91951560974121,0
518.5,50.88791084289551,0
519.0,50.86987018585205,0
519.5,50.846407890319824,0
520.0,50.82101249694824,0
520.5,50.796775817871094,0
521.0,50.77419662475586,0
521.5,50.75160312652588,0
522.0,50.72356605529785,0
522.5,50.695414543151855,0
523.0,50.671135902404785,0
523.5,50.660277366638184,0
524.0,50.6503324508667,0
524.5,50.63766860961914,0
525.0,50.61686134338379,0
525.5,50.60328197479248,0
526.0,50.57885551452637,0
526.5,50.55896472930908,0
527.0,50.53544807434082,0
527.5,50.51450538635254,0
528.0,50.50016403198242,0
528.5,50.465803146362305,0
529.0,50.44319725036621,0
529.5,50.41788959503174,0
530.0,50.398902893066406,0
530.5,50.383538246154785,0
531.0,50.356428146362305,0
531.5,50.34195423126221,0
532.0,50.32297992706299,0
532.5,50.30490970611572,0
533.0,50.28064441680908,0
533.5,50.250813484191895,0
534.0,50.23080062866211,0
534.5,50.21904277801514,0
535.0,50.202789306640625,0
535.5,50.18110179901123,0
536.0,50.16753101348877,0
536.5,50.14492225646973,0
537.0,50.141432762145996,0
537.5,50.125022888183594,0
538.0,50.11600303649902,0
538.5,50.101548194885254,0
539.0,50.08450508117676,0
539.5,50.06627082824707,0
540.0,50.04470252990723,0
540.5,50.033732414245605,0
541.0,50.0193977355957,0
541.5,50.00312805175781,0
542.0,49.99136543273926,0
542.5,49.977681159973145,0
543.0,49.96786880493164,0
543.5,49.9570198059082,0
544.0,49.94783973693848,0
544.5,49.92886829376221,0
545.0,49.927207946777344,0
545.5,49.91999340057373,0
546.0,49.90448188781738,0
546.5,49.88820743560791,0
547.0,49.8765869140625,0
547.5,49.85203266143799,0
548.0,49.846755027770996,0
548.5,49.81871318817139,0
549.0,49.7979040145874,0
549.5,49.77604579925537,0
550.0,49.752652168273926,0
550.5,49.72176551818848,0
551.0,49.704710960388184,0
551.5,49.67925453186035,0
552.0,49.65119552612305,0
552.5,49.62962245941162,0
553.0,49.60612201690674,0
553.5,49.58440399169922,0
554.0,49.56542682647705,0
554.5,49.54826736450195,0
555.0,49.52928352355957,0
555.5,49.50848579406738,0
556.0,49.484079360961914,0
556.5,49.470519065856934,0
557.0,49.451523780822754,0
557.5,49.42529106140137,0
558.0,49.40901184082031,0
558.5,49.39636039733887,0
559.0,49.37737560272217,0
559.5,49.35386657714844,0
560.0,49.32311820983887,0
560.5,49.29419803619385,0
561.0,49.28063201904297,0
561.5,49.267056465148926,0
562.0,49.240864753723145,0
562.5,49.24081993103027,0
563.0,49.22272300720215,0
563.5,49.207505226135254,0
564.0,49.18923473358154,0
564.5,49.166626930236816,0
565.0,49.15322494506836,0
565.5,49.13694190979004,0
566.0,49.11145782470703,0
566.5,49.08810997009277,0
567.0,49.07093334197998,0
567.5,49.0571870803833,0
568.0,49.04364776611328,0
568.5,49.03010368347168,0
569.0,49.0165433883667,0
569.5,49.00296211242676,0
570.0,48.998605728149414,0
570.5,48.98215866088867,0
571.0,48.96696090698242,0
571.5,48.95068645477295,0
572.0,48.941471099853516,0
572.5,48.91356945037842,0
573.0,48.9025182723999,0
573.5,48.8898344039917,0
574.0,48.87550354003906,0
574.5,48.86266040802002,0
575.0,48.856472969055176,0
575.5,48.85375118255615,0
576.0,48.83818340301514,0
576.5,48.820213317871094,0
577.0,48.81477165222168,0
577.5,48.80299663543701,0
578.0,48.79121971130371,0
578.5,48.775827407836914,0
579.0,48.75861358642578,0
579.5,48.74972343444824,0
580.0,48.74701118469238,0
580.5,48.74778079986572,0
581.0,48.73691749572754,0
581.5,48.723347663879395,0
582.0,48.700714111328125,0
582.5,48.67369079589844,0
583.0,48.653770446777344,0
583.5,48.63188648223877,0
584.0,48.61287784576416,0
584.5,48.588430404663086,0
585.0,48.56865215301514,0
585.5,48.55490589141846,0
586.0,48.54040241241455,0
586.5,48.515174865722656,0
587.0,48.48526382446289,0
587.5,48.464417457580566,0
588.0,48.446288108825684,0
588.5,48.42725372314453,0
589.0,48.417283058166504,0
589.5,48.40278148651123,0
590.0,48.38737392425537,0
590.5,48.37830924987793,0
591.0,48.36214542388916,0
591.5,48.34930419921875,0
592.0,48.3302698135376,0
592.5,48.3150110244751,0
593.0,48.28963279724121,0
593.5,48.270447731018066,0
594.0,48.262288093566895,0
594.5,48.24340629577637,0
595.0,48.22980976104736,0
595.5,48.218027114868164,0
596.0,48.20261859893799,0
596.5,48.18732166290283,0
597.0,48.167269706726074,0
597.5,48.16738033294678,0
598.0,48.15095329284668,0
598.5,48.14370155334473,0
599.0,48.13463878631592,0
599.5,48.11469745635986,0
600.0,48.10665225982666,0
600.5,48.09033966064453,0
601.0,48.080368995666504,0
601.5,48.062127113342285,0
602.0,48.045926094055176,0
602.5,48.02326488494873,0
603.0,48.01692008972168,0
603.5,48.01057529449463,0
604.0,48.01329231262207,0
604.5,48.00800800323486,0
605.0,47.990784645080566,0
605.5,47.98157024383545,0
606.0,47.97265815734863,0
606.5,47.95619201660156,0
607.0,47.9536247253418,0
607.5,47.94183921813965,0
608.0,47.92189884185791,0
608.5,47.91011714935303,0
609.0,47.904677391052246,0
609.5,47.8992395401001,0
610.0,47.89108180999756,0
610.5,47.88564395904541,0
611.0,47.87929916381836,0
611.5,47.866780281066895,0
612.0,47.85573101043701,0
612.5,47.85499668121338,0
613.0,47.85409069061279,0
613.5,47.844855308532715,0
614.0,47.82871150970459,0
614.5,47.8259916305542,0
615.0,47.81964874267578,0
615.5,47.80587959289551,0
616.0,47.80695724487305,0
616.5,47.79698848724365,0
617.0,47.78520584106445,0
617.5,47.78429698944092,0
618.0,47.772515296936035,0
618.5,47.76163673400879,0
619.0,47.75632667541504,0
619.5,47.7372932434082,0
620.0,47.73897838592529,0
620.5,47.73081970214844,0
621.0,47.720072746276855,0
621.5,47.70466232299805,0
622.0,47.68834686279297,0
622.5,47.66387462615967,0
623.0,47.63396453857422,0
623.5,47.61402225494385,0
624.0,47.5958948135376,0
624.5,47.581393241882324,0
625.0,47.56598377227783,0
625.5,47.55148124694824,0
626.0,47.54710102081299,0
626.5,47.5306339263916,0
627.0,47.51990795135498,0
627.5,47.51159954071045,0
628.0,47.49906253814697,0
628.5,47.49090385437012,0
629.0,47.48727798461914,0
629.5,47.49362277984619,0
630.0,47.469149589538574,0
630.5,47.46461868286133,0
631.0,47.46915149688721,0
631.5,47.460994720458984,0
632.0,47.45645999908447,0
632.5,47.47005748748779,0
633.0,47.467336654663086,0
633.5,47.46565914154053,0
634.0,47.45555305480957,0
634.5,47.424736976623535,0
635.0,47.42396545410156,0
635.5,47.401305198669434,0
636.0,47.393144607543945,0
636.5,47.37955188751221,0
637.0,47.3650484085083,0
637.5,47.35870361328125,0
638.0,47.34420108795166,0
638.5,47.32516670227051,0
639.0,47.309757232666016,0
639.5,47.29616069793701,0
640.0,47.279847145080566,0
640.5,47.27078342437744,0
641.0,47.26275634765625,0
641.5,47.25187873840332,0
642.0,47.245534896850586,0
642.5,47.22727584838867,0
643.0,47.212904930114746,0
643.5,47.19568347930908,0
644.0,47.18118095397949,0
644.5,47.1766471862793,0
645.0,47.16395854949951,0
645.5,47.15308094024658,0
646.0,47.14311122894287,1.49
646.5,47.1333122253418,3.05
647.0,47.117733001708984,4.69
647.5,47.109575271606445,6.23
648.0,47.10323143005371,7.76
648.5,47.08889961242676,9.4
649.0,47.06986427307129,11.1
649.5,47.05460739135742,12.76
650.0,47.01638603210449,14.73
650.5,47.01276111602783,16.27
651.0,46.98647594451904,18.11
651.5,46.97756385803223,19.73
652.0,46.962002754211426,21.44
652.5,46.93677520751953,23.29
653.0,46.91864776611328,25.06
653.5,46.904144287109375,26.79
654.0,46.881484031677246,28.63
654.5,46.86245155334473,30.44
655.0,46.847947120666504,32.19
655.5,46.840699195861816,33.86
656.0,46.831780433654785,35.56
656.5,46.81441020965576,37.37
657.0,46.80277633666992,39.11
657.5,46.789180755615234,40.89
658.0,46.78011608123779,42.61
658.5,46.77377128601074,44.3
659.0,46.761080741882324,46.08
659.5,46.74748611450195,47.88
660.0,46.738423347473145,49.62
660.5,46.7275447845459,51.39
661.0,46.718594551086426,53.15
661.5,46.710323333740234,54.89
662.0,46.69672679901123,56.72
662.5,46.68313121795654,58.54
663.0,46.669650077819824,60.38
663.5,46.65684700012207,62.21
664.0,46.65333557128906,63.93
664.5,46.648802757263184,65.66
665.0,46.64517688751221,67.38
665.5,46.64608192443848,69.05
666.0,46.645063400268555,70
666.5,46.63701915740967,70
667.0,46.6361141204834,70
667.5,46.64245891571045,70
668.0,46.638075828552246,70
668.5,46.64245796203613,70
669.0,46.652427673339844,70
669.5,46.6551456451416,70
670.0,46.652578353881836,70
670.5,46.64623260498047,70
671.0,46.642457008361816,70
671.5,46.62160873413086,70
672.0,46.6217622756958,70
672.5,46.61360454559326,70
673.0,46.597289085388184,70
673.5,46.59003734588623,70
674.0,46.59275531768799,70
674.5,46.58641052246094,70
675.0,46.56935787200928,70
675.5,46.56012725830078,70
676.0,46.5429048538208,70
676.5,46.5167875289917,70
677.0,46.49849033355713,70
677.5,46.495771408081055,70
678.0,46.47509288787842,70
678.5,46.46240425109863,70
679.0,46.45515251159668,70
679.5,46.44591999053955,70
680.0,46.43702411651611,70
680.5,46.43611812591553,70
681.0,46.41980266571045,70
681.5,46.41617679595947,70
682.0,46.40439414978027,70
682.5,46.39714336395264,70
683.0,46.38445281982422,70
683.5,46.36904430389404,70
684.0,46.35726070404053,70
684.5,46.352728843688965,70
685.0,46.343666076660156,70
685.5,46.349236488342285,70
686.0,46.35920715332031,70
686.5,46.35454273223877,70
687.0,46.36102104187012,70
687.5,46.36904430389404,70
688.0,46.371896743774414,70
688.5,46.369178771972656,70
689.0,46.363606452941895,70
689.5,46.35377025604248,70
690.0,46.34651756286621,70
690.5,46.33926582336426,70
691.0,46.33292293548584,70
691.5,46.32657814025879,70
692.0,46.31570053100586,70
692.5,46.306636810302734,70
693.0,46.29485321044922,70
693.5,46.276723861694336,70
694.0,46.273098945617676,70
694.5,46.26494216918945,70
695.0,46.26222324371338,70
695.5,46.25587844848633,70
696.0,46.24500274658203,70
696.5,46.23336887359619,70
697.0,46.21705436706543,70
697.5,46.20058822631836,70
698.0,46.1943941116333,70
698.5,46.19439506530762,70
699.0,46.19786739349365,70
699.5,46.180646896362305,70
700.0,46.174452781677246,70
700.5,46.170827865600586,70
701.0,46.17158508300781,70
701.5,46.1690149307251,70
702.0,46.159953117370605,70
702.5,46.15451431274414,70
703.0,46.14635467529297,70
703.5,46.139102935791016,70
704.0,46.125508308410645,70
704.5,46.12097644805908,70
705.0,46.12369441986084,70
705.5,46.13094711303711,70
706.0,46.13910388946533,70
706.5,46.13457202911377,70
707.0,46.13286876678467,70
707.5,46.12550735473633,70
708.0,46.12006950378418,70
708.5,46.10828495025635,70
709.0,46.09661388397217,70
709.5,46.081204414367676,70
710.0,46.07123374938965,70
710.5,46.05491924285889,70
711.0,46.05763816833496,70
711.5,46.0404167175293,70
712.0,46.034071922302246,70
712.5,46.02852439880371,70
713.0,46.034979820251465,70
713.5,46.03679084777832,70
714.0,46.04676055908203,70
714.5,46.048574447631836,70
715.0,46.0540132522583,70
715.5,46.05144500732422,70
716.0,46.05310535430908,70
716.5,46.054012298583984,70
717.0,46.06398391723633,70
717.5,46.0667028427124,70
718.0,46.08029747009277,70
718.5,46.089362144470215,70
719.0,46.0902681350708,70
719.5,46.098426818847656,70
720.0,46.10401630401611,70
720.5,46.113834381103516,70
721.0,46.117610931396484,70
721.5,46.12018013000488,70
722.0,46.12576961517334,70
722.5,46.1176118850708,70
723.0,46.12667655944824,70
723.5,46.124863624572754,70
724.0,46.14299011230469,70
724.5,46.14208507537842,70
725.0,46.15114879608154,70
725.5,46.16837024688721,70
726.0,46.18015384674072,70
726.5,46.193748474121094,70
727.0,46.20100021362305,70
727.5,46.19918727874756,70
728.0,46.20372009277344,70
728.5,46.21550273895264,70
729.0,46.2191276550293,70
729.5,46.22745418548584,70
730.0,46.22365951538086,70
730.5,46.23017406463623,70
731.0,46.229098320007324,70
731.5,46.229098320007324,70
732.0,46.231818199157715,70
732.5,46.232892990112305,70
733.0,46.24104881286621,70
733.5,46.23198699951172,70
734.0,46.23363018035889,70
734.5,46.24739456176758,70
735.0,46.251020431518555,70
735.5,46.26189708709717,70
736.0,46.27821159362793,70
736.5,46.29543495178223,70
737.0,46.31157970428467,70
737.5,46.32155132293701,70
738.0,46.3335018157959,70
738.5,46.348005294799805,70
739.0,46.364319801330566,70
739.5,46.37972831726074,70
740.0,46.388792991638184,70
740.5,46.39604377746582,70
741.0,46.40601348876953,70
741.5,46.42125606536865,70
742.0,46.43501853942871,70
742.5,46.44935321807861,70
743.0,46.46855640411377,70
743.5,46.48411464691162,70
744.0,46.4984655380249,70
744.5,46.51765155792236,70
745.0,46.53381538391113,70
745.5,46.53744125366211,70
746.0,46.54121685028076,70
746.5,46.55828857421875,70
747.0,46.58548069000244,70
747.5,46.60557174682617,70
748.0,46.62808132171631,70
748.5,46.637145042419434,70
749.0,46.65089130401611,70
749.5,46.66615009307861,70
750.0,46.69334125518799,70
750.5,46.71237659454346,70
751.0,46.725972175598145,70
751.5,46.74772644042969,70
752.0,46.773104667663574,70
752.5,46.79938983917236,70
753.0,46.83383369445801,70
753.5,46.854830741882324,70
754.0,46.87930393218994,70
754.5,46.899245262145996,70
755.0,46.92190456390381,70
755.5,46.940940856933594,70
756.0,46.9752311706543,70
756.5,47.00876808166504,70
757.0,47.0397367477417,70
757.5,47.063151359558105,70
758.0,47.09230709075928,70
758.5,47.11405944824219,70
759.0,47.13672065734863,70
759.5,47.15031623840332,70
760.0,47.1802282333374,70
760.5,47.19563579559326,70
761.0,47.217390060424805,70
761.5,47.23461055755615,70
762.0,47.24743461608887,70
762.5,47.275400161743164,70
763.0,47.30530834197998,70
763.5,47.32978343963623,70
764.0,47.347004890441895,70
764.5,47.35516166687012,70
765.0,47.37238311767578,70
765.5,47.39413642883301,70
766.0,47.409546852111816,70
766.5,47.42508792877197,70
767.0,47.43764305114746,70
767.5,47.455772399902344,70
768.0,47.47299289703369,70
768.5,47.49656009674072,70
769.0,47.514686584472656,70
769.5,47.535536766052246,70
770.0,47.55910110473633,70
770.5,47.583574295043945,70
771.0,47.612579345703125,70
771.5,47.63705062866211,70
772.0,47.66061878204346,70
772.5,47.67965030670166,70
773.0,47.70231246948242,70
773.5,47.719533920288086,70
774.0,47.73403549194336,70
774.5,47.7431001663208,70
775.0,47.76289081573486,70
775.5,47.77573013305664,70
776.0,47.786606788635254,70
776.5,47.797484397888184,70
777.0,47.81198501586914,70
777.5,47.8328332901001,70
778.0,47.84370994567871,70
778.5,47.863651275634766,70
779.0,47.87180709838867,70
779.5,47.89174842834473,70
780.0,47.916221618652344,70
780.5,47.931631088256836,70
781.0,47.94160079956055,70
781.5,47.96788692474365,70
782.0,47.98148250579834,70
782.5,48.00142288208008,70
783.0,48.02499008178711,70
783.5,48.03314685821533,70
784.0,48.046743392944336,70
784.5,48.06033992767334,70
785.0,48.071064949035645,70
785.5,48.08390522003174,70
786.0,48.10460090637207,70
786.5,48.12922382354736,70
787.0,48.142821311950684,70
787.5,48.159135818481445,70
788.0,48.187989234924316,70
788.5,48.216238021850586,70
789.0,48.20898914337158,70
789.5,48.22167778015137,70
790.0,48.23255443572998,70
790.5,48.24327850341797,70
791.0,48.267903327941895,70
791.5,48.29146957397461,70
792.0,48.319416999816895,70
792.5,48.333163261413574,70
793.0,48.347665786743164,70
793.5,48.364888191223145,70
794.0,48.38029670715332,70
794.5,48.39661407470703,70
795.0,48.41292858123779,70
795.5,48.432868003845215,70
796.0,48.45190238952637,70
796.5,48.472747802734375,70
797.0,48.50266075134277,70
797.5,48.53529071807861,70
798.0,48.55341720581055,70
798.5,48.58046054840088,70
799.0,48.59964561462402,70
799.5,48.60855674743652,70
800.0,48.62502479553223,70
800.5,48.65402793884277,70
801.0,48.6649055480957,70
801.5,48.68197536468506,70
802.0,48.700255393981934,70
802.5,48.72744655609131,70
803.0,48.724727630615234,70
803.5,48.74466800689697,70
804.0,48.76914024353027,70
804.5,48.786362648010254,70
805.0,48.79814529418945,70
805.5,48.810834884643555,70
806.0,48.833495140075684,70
806.5,48.852529525756836,70
807.0,48.87428283691406,70
807.5,48.89588642120361,70
808.0,48.918697357177734,70
808.5,48.938636779785156,70
809.0,48.95570755004883,70
809.5,48.96854782104492,70
810.0,48.9883394241333,70
810.5,49.01462364196777,70
811.0,49.04090976715088,70
811.5,49.06822490692139,70
812.0,49.10066032409668,70
812.5,49.126150131225586,70
813.0,49.151344299316406,70
813.5,49.17306709289551,70
814.0,49.202186584472656,70
814.5,49.22196006774902,70
815.0,49.25469207763672,70
815.5,49.27371597290039,70
816.0,49.29273700714111,70
816.5,49.316287994384766,70
817.0,49.33983612060547,70
817.5,49.35160732269287,70
818.0,49.374234199523926,70
818.5,49.38690757751465,70
819.0,49.396700859069824,70
819.5,49.412238121032715,70
820.0,49.4339714050293,70
820.5,49.456597328186035,70
821.0,49.47996520996094,70
821.5,49.49186420440674,70
822.0,49.50888252258301,70
822.5,49.52333927154541,70
823.0,49.53885269165039,70
823.5,49.56310749053955,70
824.0,49.57320594787598,70
824.5,49.59943199157715,70
825.0,49.60576343536377,70
825.5,49.61480903625488,70
826.0,49.6318359375,70
826.5,49.6408748626709,70
827.0,49.65172100067139,70
827.5,49.66996669769287,70
828.0,49.68159484863281,70
828.5,49.69530773162842,70
829.0,49.70239543914795,70
829.5,49.7078275680542,70
830.0,49.719576835632324,70
830.5,49.730427742004395,70
831.0,49.74036693572998,70
831.5,49.74759483337402,70
832.0,49.76204967498779,70
832.5,49.77287769317627,70
833.0,49.78191661834717,70
833.5,49.80091953277588,70
834.0,49.81809616088867,70
834.5,49.82442760467529,70
835.0,49.835259437561035,70
835.5,49.849727630615234,70
836.0,49.86509323120117,70
836.5,49.86328983306885,70
837.0,49.86781692504883,70
837.5,49.868712425231934,70
838.0,49.87685775756836,70
838.5,49.89040279388428,70
839.0,49.90124797821045,70
839.5,49.91461372375488,70
840.0,49.93013954162598,70
840.5,49.942771911621094,70
841.0,49.95434379577637,70
841.5,49.92834758758545,70
842.0,49.96968650817871,70
842.5,49.97800159454346,70
843.0,49.99051475524902,70
843.5,50.005008697509766,70
844.0,50.019657135009766,70
844.5,50.042972564697266,70
845.0,50.05669975280762,70
845.5,50.06196689605713,70
846.0,50.08274745941162,70
846.5,50.096317291259766,70
847.0,50.11981391906738,70
847.5,50.13246154785156,70
848.0,50.14508819580078,70
848.5,50.16134071350098,70
849.0,50.173081398010254,70
849.5,50.18391418457031,70
850.0,50.197455406188965,70
850.5,50.20647144317627,70
851.0,50.21820640563965,70
851.5,50.22723960876465,70
852.0,50.23263645172119,70
852.5,50.25612163543701,70
853.0,50.265156745910645,70
853.5,50.27962684631348,70
854.0,50.286866188049316,70
854.5,50.29227066040039,70
855.0,50.292113304138184,70
855.5,50.287742614746094,70
856.0,50.29677391052246,70
856.5,50.30310535430908,70
857.0,50.31923866271973,70
857.5,50.33477973937988,70
858.0,50.35196018218994,70
858.5,50.36900043487549,70
859.0,50.37895202636719,70
859.5,50.383527755737305,70
860.0,50.395463943481445,70
860.5,50.40363693237305,70
861.0,50.40909767150879,70
861.5,50.41618537902832,70
862.0,50.432477951049805,70
862.5,50.443345069885254,70
863.0,50.466983795166016,70
863.5,50.47767925262451,70
864.0,50.48759746551514,70
864.5,50.5067195892334,70
865.0,50.52192497253418,70
865.5,50.52915096282959,70
866.0,50.53094673156738,70
866.5,50.53727340698242,70
867.0,50.549020767211914,70
867.5,50.56167125701904,70
868.0,50.56708812713623,70
868.5,50.5697717666626,70
869.0,50.576077461242676,70
869.5,50.58345127105713,70
870.0,50.595932960510254,70
870.5,50.60764980316162,70
871.0,50.63201332092285,70
871.5,50.65005970001221,70
872.0,50.66360282897949,70
872.5,50.67884922027588,70
873.0,50.692519187927246,70
873.5,50.69963073730469,70
874.0,50.711368560791016,70
874.5,50.724106788635254,70
875.0,50.739441871643066,70
875.5,50.752060890197754,70
876.0,50.75915336608887,70
876.5,50.77268123626709,70
877.0,50.79342555999756,70
877.5,50.79161357879639,70
878.0,50.80788040161133,70
878.5,50.82232475280762,70
879.0,50.83315467834473,70
879.5,50.85211944580078,70
880.0,50.86486053466797,70
880.5,50.88011837005615,70
881.0,50.90001106262207,70
881.5,50.916287422180176,70
882.0,50.936180114746094,70
882.5,50.96058464050293,70
883.0,50.973267555236816,70
883.5,50.97858238220215,70
884.0,50.98780918121338,70
884.5,50.987667083740234,70
885.0,50.99686527252197,70
885.5,50.99765586853027,70
886.0,50.991506576538086,70
886.5,50.987754821777344,70
887.0,50.99425983428955,70
887.5,51.006768226623535,70
888.0,51.010385513305664,70
888.5,51.02485275268555,70
889.0,51.03750991821289,70
889.5,51.043824195861816,70
890.0,51.05284595489502,70
890.5,51.059926986694336,70
891.0,51.05284309387207,70
891.5,51.05013847351074,70
892.0,51.047433853149414,70
892.5,51.0483341217041,70
893.0,51.048336029052734,70
893.5,51.04652976989746,70
894.0,51.0463981628418,70
894.5,51.0509090423584,70
895.0,51.05000591278076,70
895.5,51.05812454223633,70
896.0,51.05451583862305,70
896.5,51.06894779205322,70
897.0,51.07075119018555,70
897.5,51.07255554199219,70
898.0,51.072556495666504,70
898.5,51.075263023376465,70
899.0,51.074360847473145,70
899.5,51.074360847473145,70
900.0,51.07886981964111,70
900.5,51.080674171447754,70
901.0,51.09059715270996,70
901.5,51.09313488006592,70
902.0,51.09330081939697,70
902.5,51.10232162475586,70
903.0,51.11675548553467,70
903.5,51.131022453308105,70
904.0,51.14094066619873,70
904.5,51.15193271636963,70
905.0,51.16816997528076,70
905.5,51.18153095245361,70
906.0,51.19325637817383,70
906.5,51.22589683532715,70
907.0,51.21656131744385,70
907.5,51.22212219238281,70
908.0,51.23204326629639,70
908.5,51.250986099243164,70
909.0,51.2681245803833,70
909.5,51.28345775604248,70
910.0,51.303152084350586,70
910.5,51.31397724151611,70
911.0,51.32840824127197,70
911.5,51.34208869934082,70
912.0,51.354716300964355,70
912.5,51.3762149810791,70
913.0,51.38884449005127,70
913.5,51.39966869354248,70
914.0,51.413198471069336,70
914.5,51.4168062210083,70
915.0,51.429433822631836,70
915.5,51.42041301727295,70
916.0,51.434844970703125,70
916.5,51.43755054473877,70
917.0,51.43935775756836,70
917.5,51.44476890563965,70
918.0,51.46190643310547,70
918.5,51.46551322937012,70
919.0,51.469011306762695,70
919.5,51.47261905670166,70
920.0,51.4736328125,70
920.5,51.47622585296631,70
921.0,51.486148834228516,70
921.5,51.49156379699707,70
922.0,51.503286361694336,70
922.5,51.497873306274414,70
923.0,51.49336051940918,70
923.5,51.49787521362305,70
924.0,51.49877166748047,70
924.5,51.507795333862305,70
925.0,51.51410675048828,70
925.5,51.51862049102783,70
926.0,51.5130615234375,70
926.5,51.52132320404053,70
927.0,51.54012107849121,70
927.5,51.55199432373047,70
928.0,51.560866355895996,70
928.5,51.57815361022949,70
929.0,51.590779304504395,70
929.5,51.603261947631836,70
930.0,51.61047649383545,70
930.5,51.62039756774902,70
931.0,51.63844013214111,70
931.5,51.65557861328125,70
932.0,51.679931640625,70
932.5,51.69256114959717,70
933.0,51.70969867706299,70
933.5,51.73134517669678,70
934.0,51.75209331512451,70
934.5,51.76381969451904,70
935.0,51.76562309265137,70
935.5,51.766526222229004,70
936.0,51.76020908355713,70
936.5,51.753896713256836,70
937.0,51.75825500488281,70
937.5,51.74923896789551,70
938.0,51.735854148864746,70
938.5,51.7149600982666,70
939.0,51.7042875289917,70
939.5,51.703383445739746,70
940.0,51.701579093933105,70
940.5,51.701579093933105,70
941.0,51.704134941101074,70
941.5,51.695115089416504,70
942.0,51.708645820617676,70
942.5,51.709547996520996,70
943.0,51.715864181518555,70
943.5,51.73029327392578,70
944.0,51.73841094970703,70
944.5,51.760963439941406,70
945.0,51.77990531921387,70
945.5,51.805891036987305,70
946.0,51.83221912384033,70
946.5,51.8493595123291,70
947.0,51.862887382507324,70
947.5,51.876420974731445,70
948.0,51.888877868652344,70
948.5,51.9016752243042,70
949.0,51.92585849761963,70
949.5,51.94028663635254,70
950.0,51.9592342376709,70
950.5,51.98646259307861,70
951.0,52.0007266998291,70
951.5,52.00974750518799,70
952.0,52.01425552368164,70
952.5,52.0214729309082,70
953.0,52.02688694000244,70
953.5,52.035003662109375,70
954.0,52.0322961807251,70
954.5,52.046597480773926,70
955.0,52.059356689453125,70
955.5,52.07726573944092,70
956.0,52.090023040771484,70
956.5,52.11154365539551,70
957.0,52.12507152557373,70
957.5,52.138604164123535,70
958.0,52.14685344696045,70
958.5,52.147621154785156,70
959.0,52.15574073791504,70
959.5,52.15213108062744,70
960.0,52.16566181182861,70
960.5,52.17107391357422,70
961.0,52.18009567260742,70
961.5,52.1945276260376,70
962.0,52.19633197784424,70
962.5,52.19452667236328,70
963.0,52.19092082977295,70
963.5,52.20444869995117,70
964.0,52.203545570373535,70
964.5,52.219651222229004,70
965.0,52.21707820892334,70
965.5,52.2268648147583,70
966.0,52.23151111602783,70
966.5,52.23150825500488,70
967.0,52.23408317565918,70
967.5,52.23137855529785,70
968.0,52.23318099975586,70
968.5,52.24039840698242,70
969.0,52.24580955505371,70
969.5,52.25212383270264,70
970.0,52.25302600860596,70
970.5,52.26024150848389,70
971.0,52.266554832458496,70
971.5,52.280988693237305,70
972.0,52.29902744293213,70
972.5,52.306243896484375,70
973.0,52.31616687774658,70
973.5,52.323381423950195,70
974.0,52.328792572021484,70
974.5,52.311655044555664,70
975.0,52.308950424194336,70
975.5,52.29166030883789,70
976.0,52.29526901245117,70
976.5,52.28264236450195,70
977.0,52.28549861907959,70
977.5,52.29812526702881,70
978.0,52.29526996612549,70
978.5,52.31165599822998,70
979.0,52.31782054901123,70
979.5,52.32503604888916,70
980.0,52.330448150634766,70
980.5,52.33330249786377,70
981.0,52.341423988342285,70
981.5,52.35946273803711,70
982.0,52.37103843688965,70
982.5,52.37930679321289,70
983.0,52.40170478820801,70
983.5,52.40185546875,70
984.0,52.4099760055542,70
984.5,52.420799255371094,70
985.0,52.42801570892334,70
985.5,52.4404935836792,70
986.0,52.45312023162842,70
986.5,52.46484661102295,70
987.0,52.46845531463623,70
987.5,52.48379135131836,70
988.0,52.492807388305664,70
988.5,52.49280834197998,70
989.0,52.496416091918945,70
989.5,52.494614601135254,70
990.0,52.488173484802246,70
990.5,52.48997688293457,70
991.0,52.49641704559326,70
991.5,52.49087715148926,70
992.0,52.490102767944336,70
992.5,52.508018493652344,70
993.0,52.51162528991699,70
993.5,52.51884174346924,70
994.0,52.508015632629395,70
994.5,52.498093605041504,70
995.0,52.50891971588135,70
995.5,52.508917808532715,70
996.0,52.4971923828125,70
996.5,52.491780281066895,70
997.0,52.4881706237793,70
997.5,52.483489990234375,70
998.0,52.49358367919922,70
998.5,52.494317054748535,70
999.0,52.49160957336426,70
999.5,52.48636817932129,70
1000.0,52.48276138305664,70
1000.5,52.488173484802246,70
1001.0,52.48349571228027,70
1001.5,52.49809551239014,70
1002.0,52.490705490112305,70
1002.5,52.49611949920654,70
1003.0,52.50694465637207,70
1003.5,52.514159202575684,70
1004.0,52.520469665527344,70
1004.5,52.54573059082031,70
1005.0,52.56361675262451,70
1005.5,52.580002784729004,70
1006.0,52.59894847869873,70
1006.5,52.62510585784912,70
1007.0,52.64585208892822,70
1007.5,52.65126323699951,70
1008.0,52.650362968444824,70
1008.5,52.65396976470947,70
1009.0,52.670209884643555,70
1009.5,52.68283557891846,70
1010.0,52.70177745819092,70
1010.5,52.728837966918945,70
1011.0,52.74778079986572,70
1011.5,52.757704734802246,70
1012.0,52.76206302642822,70
1012.5,52.76657009124756,70
1013.0,52.771084785461426,70
1013.5,52.79272937774658,70
1014.0,52.81257438659668,70
1014.5,52.82069206237793,70
1015.0,52.82700538635254,70
1015.5,52.83151817321777,70
1016.0,52.827006340026855,70
1016.5,52.82881450653076,70
1017.0,52.82700824737549,70
1017.5,52.83332061767578,70
1018.0,52.834221839904785,70
1018.5,52.84053993225098,70
1019.0,52.83963394165039,70
1019.5,52.836026191711426,70
1020.0,52.8342227935791,70
1020.5,52.8414363861084,70
1021.0,52.84234142303467,70
1021.5,52.85485649108887,70
1022.0,52.873796463012695,70
1022.5,52.875600814819336,70
1023.0,52.88191604614258,70
1023.5,52.88293170928955,70
1024.0,52.871994972229004,70
1024.5,52.86838626861572,70
1025.0,52.86928844451904,70
1025.5,52.8665828704834,70
1026.0,52.86297416687012,70
1026.5,52.85756206512451,70
1027.0,52.84493446350098,70
1027.5,52.85485649108887,70
1028.0,52.83230495452881,70
1028.5,52.830501556396484,70
1029.0,52.8268928527832,70
1029.5,52.818777084350586,70
1030.0,52.823286056518555,70
1030.5,52.81516742706299,70
1031.0,52.815921783447266,70
1031.5,52.81246089935303,70
1032.0,52.80509662628174,70
1032.5,52.804192543029785,70
1033.0,52.81050777435303,70
1033.5,52.81516933441162,70
1034.0,52.807050704956055,70
1034.5,52.80344104766846,70
1035.0,52.80058574676514,70
1035.5,52.80960464477539,70
1036.0,52.8142671585083,70
1036.5,52.81772422790527,70
1037.0,52.83035182952881,70
1037.5,52.83125400543213,70
1038.0,52.83125305175781,70
1038.5,52.83396053314209,70
1039.0,52.8357629776001,70
1039.5,52.84929370880127,70
1040.0,52.851999282836914,70
1040.5,52.863725662231445,70
1041.0,52.87545204162598,70
1041.5,52.88793182373047,70
1042.0,52.89349365234375,70
1042.5,52.90702438354492,70
1043.0,52.91964912414551,70
1043.5,52.938591957092285,70
1044.0,52.95648384094238,70
1044.5,52.95843696594238,70
1045.0,52.97361946105957,70
1045.5,52.979933738708496,70
1046.0,52.994367599487305,70
1046.5,52.99526882171631,70
1047.0,52.99887752532959,70
1047.5,53.00338649749756,70
1048.0,53.02608776092529,70
1048.5,53.05029010772705,70
1049.0,53.05299663543701,70
1049.5,53.06021308898926,70
1050.0,53.07464599609375,70
1050.5,53.08997917175293,69.02
1051.0,53.10351085662842,67.3
1051.5,53.121548652648926,65.51
1052.0,53.13688278198242,63.75
1052.5,53.15312099456787,61.97
1053.0,53.1603364944458,60.31
1053.5,53.18469047546387,58.41
1054.0,53.18469047546387,56.82
1054.5,53.18198299407959,55.26
1055.0,53.18559455871582,53.62
1055.5,53.18288612365723,52.06
1056.0,53.18920040130615,50.39
1056.5,53.18739604949951,48.82
1057.0,53.19641590118408,47.11
1057.5,53.21248435974121,45.3
1058.0,53.225114822387695,43.53
1058.5,53.235201835632324,41.79
1059.0,53.24134922027588,40.09
1059.5,53.243154525756836,38.45
1060.0,53.25848865509033,36.62
1060.5,53.264801025390625,34.91
1061.0,53.259389877319336,33.35
1061.5,53.261362075805664,31.7
1062.0,53.254878997802734,30.15
1062.5,53.26029014587402,28.45
1063.0,53.268412590026855,26.72
1063.5,53.2747220993042,25.0
1064.0,53.26931190490723,23.43
1064.5,53.2620964050293,21.89
1065.0,53.2620964050293,20.26
1065.5,53.253846168518066,18.74
1066.0,53.24843502044678,17.18
1066.5,53.255648612976074,15.46
1067.0,53.26106071472168,13.76
1067.5,53.27201747894287,11.99
1068.0,53.26647472381592,10.43
1068.5,53.265570640563965,8.81
1069.0,53.27368927001953,7.07
1069.5,53.28360939025879,5.3
1070.0,53.28000259399414,3.71
1070.5,53.285414695739746,2.0
1071.0,53.30165100097656,0.14
1071.5,53.311574935913086,0
1072.0,53.32059097290039,0
1072.5,53.32420253753662,0
1073.0,53.32136917114258,0
1073.5,53.325103759765625,0
1074.0,53.329612731933594,0
1074.5,53.3233003616333,0
1075.0,53.30423069000244,0
1075.5,53.300621032714844,0
1076.0,53.29791736602783,0
1076.5,53.297916412353516,0
1077.0,53.29611301422119,0
1077.5,53.288896560668945,0
1078.0,53.28889560699463,0
1078.5,53.27536678314209,0
1079.0,53.27278804779053,0
1079.5,53.26003170013428,0
1080.0,53.2663459777832,0
1080.5,53.27356243133545,0
1081.0,53.281681060791016,0
1081.5,53.28966522216797,0
1082.0,53.30332660675049,0
1082.5,53.313249588012695,0
1083.0,53.315956115722656,0
1083.5,53.31325149536133,0
1084.0,53.3231725692749,0
1084.5,53.32587909698486,0
1085.0,53.335801124572754,0
1085.5,53.34031105041504,0
1086.0,53.3385066986084,0
1086.5,53.33760452270508,0
1087.0,53.341214179992676,0
1087.5,53.34662437438965,0
1088.0,53.344820976257324,0
1088.5,53.35564613342285,0
1089.0,53.3682746887207,0
1089.5,53.373684883117676,0
1090.0,53.37625789642334,0
1090.5,53.38721561431885,0
1091.0,53.3942985534668,0
1091.5,53.40705966949463,0
1092.0,53.430378913879395,0
1092.5,53.4359245300293,0
1093.0,53.455634117126465,0
1093.5,53.47818660736084,0
1094.0,53.49351978302002,0
1094.5,53.505245208740234,0
1095.0,53.51967716217041,0
1095.5,53.54493427276611,0
1096.0,53.560269355773926,0
1096.5,53.5747013092041,0
1097.0,53.55756187438965,0
1097.5,53.58552360534668,0
1098.0,53.598151206970215,0
1098.5,53.589131355285645,0
1099.0,53.5909366607666,0
1099.5,53.583720207214355,0
1100.0,53.578307151794434,0
1100.5,53.57470226287842,0
1101.0,53.58101558685303,0
1101.5,53.577256202697754,0
1102.0,53.56643104553223,0
1102.5,53.570942878723145,0
1103.0,53.57545280456543,0
1103.5,53.57454967498779,0
1104.0,53.578158378601074,0
1104.5,53.58266735076904,0
1105.0,53.59529495239258,0
1105.5,53.593491554260254,0
1106.0,53.58447074890137,0
1106.5,53.57274532318115,0
1107.0,53.57454872131348,0
1107.5,53.57544994354248,0
1108.0,53.57725811004639,0
1108.5,53.5799617767334,0
1109.0,53.58266735076904,0
1109.5,53.57184410095215,0
1110.0,53.56823444366455,0
1110.5,53.569138526916504,0
1111.0,53.570942878723145,0
1111.5,53.57725811004639,0
1112.0,53.585373878479004,0
1112.5,53.58610725402832,0
1113.0,53.597832679748535,0
1113.5,53.599637031555176,0
1114.0,53.6007080078125,0
1114.5,53.60324668884277,0
1115.0,53.611366271972656,0
1115.5,53.63571739196777,0
1116.0,53.65466117858887,0
1116.5,53.67811393737793,0
1117.0,53.6826229095459,0
1117.5,53.69902801513672,0
1118.0,53.711487770080566,0
1118.5,53.72050666809082,0
1119.0,53.73403835296631,0
1119.5,53.73764705657959,0
1120.0,53.74305820465088,0
1120.5,53.74773597717285,0
1121.0,53.75027561187744,0
1121.5,53.74576473236084,0
1122.0,53.73674488067627,0
1122.5,53.73042964935303,0
1123.0,53.73388862609863,0
1123.5,53.74305725097656,0
1124.0,53.74305820465088,0
1124.5,53.74846935272217,0
1125.0,53.75117492675781,0
1125.5,53.7439603805542,0
1126.0,53.74576282501221,0
1126.5,53.755534172058105,0
1127.0,53.74831962585449,0
1127.5,53.74471187591553,0
1128.0,53.750123023986816,0
1128.5,53.742005348205566,0
1129.0,53.72862529754639,0
1129.5,53.7196044921875,0
1130.0,53.71855354309082,0
1130.5,53.70953369140625,0
1131.0,53.70412254333496,0
1131.5,53.70682907104492,0
1132.0,53.7176513671875,0
1132.5,53.722161293029785,0
1133.0,53.71404457092285,0
1133.5,53.70953369140625,0
1134.0,53.70772933959961,0
1134.5,53.70036220550537,0
1135.0,53.68502712249756,0
1135.5,53.69059181213379,0
1136.0,53.686832427978516,0
1136.5,53.68698215484619,0
1137.0,53.68427562713623,0
1137.5,53.69044017791748,0
1138.0,53.698710441589355,0
1138.5,53.70848274230957,0
1139.0,53.70938491821289,0
1139.5,53.70306968688965,0
1140.0,53.7156982421875,0
1140.5,53.720208168029785,0
1141.0,53.72110843658447,0
1141.5,53.73193359375,0
1142.0,53.755385398864746,0
1142.5,53.77086925506592,0
1143.0,53.77793598175049,0
1143.5,53.78334712982178,0
1144.0,53.78244400024414,0
1144.5,53.78334903717041,0
1145.0,53.784138679504395,0
1145.5,53.760687828063965,0
1146.0,53.757080078125,0
1146.5,53.766098976135254,0
1147.0,53.76429557800293,0
1147.5,53.75809192657471,0
1148.0,53.75076484680176,0
1148.5,53.74174499511719,0
1149.0,53.744452476501465,0
1149.5,53.73362731933594,0
1150.0,53.725510597229004,0
1150.5,53.71919536590576,0
1151.0,53.72641181945801,0
1151.5,53.717241287231445,0
1152.0,53.71468448638916,0
1152.5,53.70927429199219,0
1153.0,53.69845008850098,0
1153.5,53.68582344055176,0
1154.0,53.67319393157959,0
1154.5,53.66582489013672,0
1155.0,53.656805992126465,0
1155.5,53.646881103515625,0
1156.0,53.64147090911865,0
1156.5,53.63621139526367,0
1157.0,53.64597702026367,0
1157.5,53.60899829864502,0
1158.0,53.59817123413086,0
1158.5,53.59366416931152,0
1159.0,53.590956687927246,0
1159.5,53.58193588256836,0
1160.0,53.56570243835449,0
1160.5,53.55290985107422,0
1161.0,53.544050216674805,0
1161.5,53.52511024475098,0
1162.0,53.489768981933594,0
1162.5,53.47460174560547,0
1163.0,53.44466781616211,0
1163.5,53.42679309844971,0
1164.0,53.41309928894043,0
1164.5,53.38710689544678,0
1165.0,53.36889934539795,0
1165.5,53.33929634094238,0
1166.0,53.3292121887207,0
1166.5,53.313876152038574,0
1167.0,53.281402587890625,0
1167.5,53.25524711608887,0
1168.0,53.23900890350342,0
1168.5,53.22548007965088,0
1169.0,53.19932270050049,0
1169.5,53.17496681213379,0
1170.0,53.14339828491211,0
1170.5,53.12535572052002,0
1171.0,53.102675437927246,0
1171.5,53.08115863800049,0
1172.0,53.05500030517578,0
1172.5,53.03502559661865,0
1173.0,53.00899791717529,0
1173.5,52.976393699645996,0
1174.0,52.951271057128906,0
1174.5,52.9358024597168,0
1175.0,52.922271728515625,0
1175.5,52.91235160827637,0
1176.0,52.89882183074951,0
1176.5,52.89160442352295,0
1177.0,52.87626838684082,0
1177.5,52.86634826660156,0
1178.0,52.84740447998047,0
1178.5,52.821248054504395,0
1179.0,52.80952262878418,0
1179.5,52.79689407348633,0
1180.0,52.78413391113281,0
1180.5,52.77885437011719,0
1181.0,52.76248359680176,0
1181.5,52.72292995452881,0
1182.0,52.688520431518555,0
1182.5,52.64883232116699,0
1183.0,52.61545753479004,0
1183.5,52.58839702606201,0
1184.0,52.560434341430664,0
1184.5,52.54884147644043,0
1185.0,52.52074718475342,0
1185.5,52.50992488861084,0
1186.0,52.48556900024414,0
1186.5,52.481059074401855,0
1187.0,52.46392059326172,0
1187.5,52.44046688079834,0
1188.0,52.40980052947998,0
1188.5,52.37732791900635,0
1189.0,52.34034538269043,0
1189.5,52.311482429504395,0
1190.0,52.29795169830322,0
1190.5,52.28442096710205,0
1191.0,52.265353202819824,0
1191.5,52.237388610839844,0
1192.0,52.22024726867676,0
1192.5,52.19228458404541,0
1193.0,52.17244243621826,0
1193.5,52.1535005569458,0
1194.0,52.122833251953125,0
1194.5,52.12373161315918,0
1195.0,52.106595039367676,0
1195.5,52.09036159515381,0
1196.0,52.0723180770874,0
1196.5,52.04886722564697,0
1197.0,52.02451038360596,0
1197.5,52.0100793838501,0
1198.0,51.995646476745605,0
1198.5,51.98301887512207,0
1199.0,51.966782569885254,0
1199.5,51.9532527923584,0
1200.0,51.93055725097656,0
1200.5,51.910712242126465,0
1201.0,51.880948066711426,0
1201.5,51.85493755340576,0
1202.0,51.83945560455322,0
1202.5,51.82321834564209,0
1203.0,51.7979621887207,0
1203.5,51.76729393005371,0
1204.0,51.73211479187012,0
1204.5,51.70234775543213,0
1205.0,51.687917709350586,0
1205.5,51.68070125579834,0
1206.0,51.66626834869385,0
1206.5,51.63723564147949,0
1207.0,51.61575508117676,0
1207.5,51.584184646606445,0
1208.0,51.560564041137695,0
1208.5,51.53169918060303,0
1209.0,51.509148597717285,0
1209.5,51.48478317260742,0
1210.0,51.460554122924805,0
1210.5,51.44047737121582,0
1211.0,51.418763160705566,0
1211.5,51.39974594116211,0
1212.0,51.37983417510986,0
1212.5,51.36250305175781,0
1213.0,51.338247299194336,0
1213.5,51.32016372680664,0
1214.0,51.299378395080566,0
1214.5,51.27120590209961,0
1215.0,51.24588108062744,0
1215.5,51.23337459564209,0
1216.0,51.21981906890869,0
1216.5,51.20431995391846,0
1217.0,51.181739807128906,0
1217.5,51.159156799316406,0
1218.0,51.13926696777344,0
1218.5,51.117563247680664,0
1219.0,51.09405517578125,0
1219.5,51.082305908203125,0
1220.0,51.07055950164795,0
1220.5,51.04253959655762,0
1221.0,51.01359844207764,0
1221.5,50.99098491668701,0
1222.0,50.96749782562256,0
1222.5,50.94481658935547,0
1223.0,50.924156188964844,0
1223.5,50.90054893493652,0
1224.0,50.886996269226074,0
1224.5,50.861809730529785,0
1225.0,50.83276844024658,0
1225.5,50.81287860870361,0
1226.0,50.79117488861084,0
1226.5,50.77310657501221,0
1227.0,50.74691200256348,0
1227.5,50.71708869934082,0
1228.0,50.700839042663574,0
1228.5,50.67556381225586,0
1229.0,50.654826164245605,0
1229.5,50.63949012756348,0
1230.0,50.605180740356445,0
1230.5,50.58261585235596,0
1231.0,50.55902671813965,0
1231.5,50.520201683044434,0
1232.0,50.49403476715088,0
1232.5,50.459731101989746,0
1233.0,50.43628406524658,0
1233.5,50.407392501831055,0
1234.0,50.377591133117676,0
1234.5,50.33961772918701,0
1235.0,50.30794620513916,0
1235.5,50.29075527191162,0
1236.0,50.26361083984375,0
1236.5,50.24008655548096,0
1237.0,50.213852882385254,0
1237.5,50.18658447265625,0
1238.0,50.161377906799316,0
1238.5,50.14135551452637,0
1239.0,50.1324405670166,0
1239.5,50.122474670410156,0
1240.0,50.107078552246094,0
1240.5,50.091580390930176,0
1241.0,50.07530403137207,0
1241.5,50.05630397796631,0
1242.0,50.036415100097656,0
1242.5,50.0255708694458,0
1243.0,50.00838661193848,0
1243.5,49.993927001953125,0
1244.0,49.983073234558105,0
1244.5,49.97404098510742,0
1245.0,49.955034255981445,0
1245.5,49.93767833709717,0
1246.0,49.92231273651123,0
1246.5,49.89443492889404,0
1247.0,49.877267837524414,0
1247.5,49.86803913116455,0
1248.0,49.8526668548584,0
1248.5,49.840901374816895,0
1249.0,49.829139709472656,0
1249.5,49.807424545288086,0
1250.0,49.78752613067627,0
1250.5,49.769429206848145,0
1251.0,49.751346588134766,0
1251.5,49.72691059112549,0
1252.0,49.70430374145508,0
1252.5,49.69058799743652,0
1253.0,49.67882442474365,0
1253.5,49.658172607421875,0
1254.0,49.644466400146484,0
1254.5,49.63633060455322,0
1255.0,49.628204345703125,0
1255.5,49.6209602355957,0
1256.0,49.60650634765625,0
1256.5,49.587510108947754,0
1257.0,49.584778785705566,0
1257.5,49.56562328338623,0
1258.0,49.541181564331055,0
1258.5,49.51856708526611,0
1259.0,49.49323654174805,0
1259.5,49.46879577636719,0
1260.0,49.44346046447754,0
1260.5,49.402785301208496,0
1261.0,49.3810920715332,0
1261.5,49.35939311981201,0
1262.0,49.331356048583984,0
1262.5,49.30875110626221,0
1263.0,49.29960250854492,0
1263.5,49.287845611572266,0
1264.0,49.27610492706299,0
1264.5,49.26890563964844,0
1265.0,49.26348304748535,0
1265.5,49.253539085388184,0
1266.0,49.238186836242676,0
1266.5,49.222832679748535,0
1267.0,49.20204448699951,0
1267.5,49.181251525878906,0
1268.0,49.167694091796875,0
1268.5,49.16136646270752,0
1269.0,49.14583873748779,0
1269.5,49.13950157165527,0
1270.0,49.1313533782959,0
1270.5,49.111602783203125,0
1271.0,49.096083641052246,0
1271.5,49.086130142211914,0
1272.0,49.07527160644531,0
1272.5,49.062612533569336,0
1273.0,49.0562858581543,0
1273.5,49.05718421936035,0
1274.0,49.05718231201172,0
1274.5,49.04722213745117,0
1275.0,49.03638553619385,0
1275.5,49.023738861083984,0
1276.0,49.01816749572754,0
1276.5,49.00641059875488,0
1277.0,49.00282001495361,0
1277.5,48.99920177459717,0
1278.0,48.985647201538086,0
1278.5,48.95486545562744,0
1279.0,48.9347620010376,0
1279.5,48.91500663757324,0
1280.0,48.902326583862305,0
1280.5,48.884220123291016,0
1281.0,48.869571685791016,0
1281.5,48.8541898727417,0
1282.0,48.84514141082764,0
1282.5,48.841522216796875,0
1283.0,48.82976055145264,0
1283.5,48.817097663879395,0
1284.0,48.81076145172119,0
1284.5,48.798091888427734,0
1285.0,48.77637481689453,0
1285.5,48.76280403137207,0
1286.0,48.734742164611816,0
1286.5,48.71844005584717,0
1287.0,48.701236724853516,0
1287.5,48.678603172302246,0
1288.0,48.66037178039551,0
1288.5,48.64601516723633,0
1289.0,48.628682136535645,0
1289.5,48.607072830200195,0
1290.0,48.59078407287598,0
1290.5,48.56258678436279,0
1291.0,48.5426721572876,0
1291.5,48.52365303039551,0
1292.0,48.50008583068848,0
1292.5,48.48014450073242,0
1293.0,48.46111011505127,0
1293.5,48.442983627319336,0
1294.0,48.42122936248779,0
1294.5,48.399349212646484,0
1295.0,48.38484764099121,0
1295.5,48.37953567504883,0
1296.0,48.37759304046631,0
1296.5,48.354933738708496,0
1297.0,48.354156494140625,0
1297.5,48.3440580368042,0
1298.0,48.330461502075195,0
1298.5,48.31867980957031,0
1299.0,48.309617042541504,0
1299.5,48.29783248901367,0
1300.0,48.281517028808594,0
1300.5,48.27245330810547,0
1301.0,48.256911277770996,0
1301.5,48.2416353225708,0
1302.0,48.223509788513184,0
1302.5,48.203433990478516,0
1303.0,48.182719230651855,0
1303.5,48.16821765899658,0
1304.0,48.143744468688965,0
1304.5,48.127296447753906,0
1305.0,48.11279296875,0
1305.5,48.095571517944336,0
1306.0,48.088321685791016,0
1306.5,48.08016300201416,0
1307.0,48.05659770965576,0
1307.5,48.04753303527832,0
1308.0,48.026686668395996,0
1308.5,48.013089179992676,0
1309.0,47.99934387207031,0
1309.5,47.993906021118164,0
1310.0,47.98574733734131,0
1310.5,47.969581604003906,0
1311.0,47.94858455657959,0
1311.5,47.93226909637451,0
1312.0,47.94042778015137,0
1312.5,47.91414260864258,0
1313.0,47.90145206451416,0
1313.5,47.89691925048828,0
1314.0,47.89057636260986,0
1314.5,47.8860445022583,0
1315.0,47.845086097717285,0
1315.5,47.83058452606201,0
1316.0,47.815176010131836,0
1316.5,47.80520534515381,0
1317.0,47.805206298828125,0
1317.5,47.79795551300049,0
1318.0,47.79432964324951,0
1318.5,47.787078857421875,0
1319.0,47.76804447174072,0
1319.5,47.74719715118408,0
1320.0,47.74266529083252,0
1320.5,47.733449935913086,0
1321.0,47.73616886138916,0
1321.5,47.7316370010376,0
1322.0,47.72710609436035,0
1322.5,47.72348117828369,0
1323.0,47.71819305419922,0
1323.5,47.72166728973389,0
1324.0,47.708866119384766,0
1324.5,47.69538116455078,0
1325.0,47.677252769470215,0
1325.5,47.671814918518066,0
1326.0,47.67272090911865,0
1326.5,47.6617317199707,0
1327.0,47.6428108215332,0
1327.5,47.63465213775635,0
1328.0,47.61731815338135,0
1328.5,47.59375286102295,0
1329.0,47.58015537261963,0
1329.5,47.570186614990234,0
1330.0,47.55659008026123,0
1330.5,47.54208755493164,0
1331.0,47.52849102020264,0
1331.5,47.526679039001465,0
1332.0,47.51308250427246,0
1332.5,47.510212898254395,0
1333.0,47.506587982177734,0
1333.5,47.504018783569336,0
1334.0,47.49389839172363,0
1334.5,47.48226451873779,0
1335.0,47.46398639678955,0
1335.5,47.44857692718506,0
1336.0,47.433170318603516,0
1336.5,47.4222936630249,0
1337.0,47.41413402557373,0
1337.5,47.397820472717285,0
1338.0,47.3967809677124,0
1338.5,47.39147472381592,0
1339.0,47.38059711456299,0
1339.5,47.366095542907715,0
1340.0,47.35055637359619,0
1340.5,47.343435287475586,0
1341.0,47.33605480194092,0
1341.5,47.325307846069336,0
1342.0,47.31339359283447,0
1342.5,47.300835609436035,0
1343.0,47.290733337402344,0
1343.5,47.278042793273926,0
1344.0,47.26263618469238,0
1344.5,47.25175952911377,0
1345.0,47.23997688293457,0
1345.5,47.23906898498535,0
1346.0,47.227285385131836,0
1346.5,47.21459674835205,0
1347.0,47.18904972076416,0
1347.5,47.17635917663574,0
1348.0,47.16004467010498,0
1348.5,47.14373016357422,0
1349.0,47.13738536834717,0
1349.5,47.125600814819336,0
1350.0,47.13466548919678,0
1350.5,47.13088798522949,0
1351.0,47.11638641357422,0
1351.5,47.11548042297363,0
1352.0,47.1065673828125,0
1352.5,47.096445083618164,0
1353.0,47.08662700653076,0
1353.5,47.079224586486816,0
1354.0,47.08556842803955,0
1354.5,47.08556938171387,0
1355.0,47.084662437438965,0
1355.5,47.07197189331055,0
1356.0,47.06730842590332,0
1356.5,47.052032470703125,0
1357.0,47.03662395477295,0
1357.5,47.02574634552002,0
1358.0,47.011244773864746,0
1358.5,46.99570178985596,0
1359.0,46.973042488098145,0
1359.5,46.954915046691895,0
1360.0,46.941317558288574,0
1360.5,46.91865921020508,0
1361.0,46.89781093597412,0
1361.5,46.88965320587158,0
1362.0,46.875152587890625,0
1362.5,46.86505126953125,0
1363.0,46.8577995300293,0
1363.5,46.85883712768555,0
1364.0,46.84795951843262,0
1364.5,46.84070873260498,0
1365.0,46.83255100250244,0
1365.5,46.82426452636719,0
1366.0,46.814292907714844,0
1366.5,46.802510261535645,0
1367.0,46.78891372680664,0
1367.5,46.77713108062744,0
1368.0,46.76081466674805,0
1368.5,46.74178123474121,0
1369.0,46.71987533569336,0
1369.5,46.713531494140625,0
1370.0,46.705525398254395,0
1370.5,46.707186698913574,0
1371.0,46.696309089660645,0
1371.5,46.67818355560303,0
1372.0,46.66640090942383,0
1372.5,46.658241271972656,0
1373.0,46.64645862579346,0
1373.5,46.64011478424072,0
1374.0,46.624704360961914,0
1374.5,46.61909580230713,0
1375.0,46.60929584503174,0
1375.5,46.60640621185303,0
1376.0,46.60368728637695,0
1376.5,46.59824848175049,0
1377.0,46.59371566772461,0
1377.5,46.58012008666992,0
1378.0,46.5837459564209,0
1378.5,46.572869300842285,0
1379.0,46.56093788146973,0
1379.5,46.55383491516113,0
1380.0,46.537519454956055,0
1380.5,46.52029895782471,0
1381.0,46.51032829284668,0
1381.5,46.501115798950195,0
1382.0,46.492958068847656,0
1382.5,46.50927257537842,0
1383.0,46.46757888793945,0
1383.5,46.457608222961426,0
1384.0,46.45670413970947,0
1384.5,46.44310760498047,0
1385.0,46.42769813537598,0
1385.5,46.42588424682617,0
1386.0,46.40956974029541,0
1386.5,46.40413188934326,0
1387.0,46.392348289489746,0
1387.5,46.38770389556885,0
1388.0,46.376033782958984,0
1388.5,46.36152935028076,0
1389.0,46.344197273254395,0
1389.5,46.33422660827637,0
1390.0,46.32410526275635,0
1390.5,46.31428623199463,0
1391.0,46.29978275299072,0
1391.5,46.29445743560791,0
1392.0,46.28346824645996,0
1392.5,46.271684646606445,0
1393.0,46.26533889770508,0
1393.5,46.25718307495117,0
1394.0,46.250837326049805,0
1394.5,46.24524784088135,0
1395.0,46.24162292480469,0
1395.5,46.23709201812744,0
1396.0,46.24252986907959,0
1396.5,46.23437213897705,0
1397.0,46.228026390075684,0
1397.5,46.22802543640137,0
1398.0,46.22530651092529,0
1398.5,46.22349548339844,0
1399.0,46.213523864746094,0
1399.5,46.189958572387695,0
1400.0,46.177268981933594,0
1400.5,46.16548538208008,0
1401.0,46.15266513824463,0
1401.5,46.13635063171387,0
1402.0,46.12456703186035,0
1402.5,46.1237907409668,0
1403.0,46.106568336486816,0
1403.5,46.10825157165527,0
1404.0,46.10385036468506,0
1404.5,46.103718757629395,0
1405.0,46.102813720703125,0
1405.5,46.096468925476074,0
1406.0,46.09103012084961,0
1406.5,46.09103012084961,0
1407.0,46.08287239074707,0
1407.5,46.083778381347656,0
1408.0,46.078341484069824,0
1408.5,46.0817985534668,0
1409.0,46.07907962799072,0
1409.5,46.08814334869385,0
1410.0,46.085591316223145,0
1410.5,46.08905029296875,0
1411.0,46.08995532989502,0
1411.5,46.09375,1.51
1412.0,46.10083293914795,3.37
1412.5,46.13527488708496,4.87
1413.0,46.11352252960205,7.09
1413.5,46.106271743774414,9.12
1414.0,46.11261558532715,10.99
1414.5,46.1189603805542,12.85
1415.0,46.11352252960205,14.86
1415.5,46.11080265045166,16.84
1416.0,46.108835220336914,18.81
1416.5,46.09705352783203,20.91
1417.0,46.08889579772949,22.97
1417.5,46.07801914215088,25.06
1418.0,46.06714153289795,27.17
1418.5,46.06351661682129,29.18
1419.0,46.05717182159424,31.23
1419.5,46.04720211029053,33.33
1420.0,46.030887603759766,35.52
1420.5,46.02272891998291,37.61
1421.0,46.02997875213623,39.5
1421.5,46.027151107788086,41.53
1422.0,46.02896308898926,43.49
1422.5,46.02805519104004,45.49
1423.0,46.03179359436035,47.42
1423.5,46.024431228637695,49.5
1424.0,46.00720977783203,51.72
1424.5,45.99361515045166,53.89
1425.0,45.985456466674805,56.0
1425.5,45.97004699707031,58.21
1426.0,45.960076332092285,60.35
1426.5,45.94376277923584,62.58
1427.0,45.9229154586792,64.88
1427.5,45.90116024017334,67.2
1428.0,45.89194583892822,69.37
1428.5,45.872005462646484,70
1429.0,45.854783058166504,70
1429.5,45.8466272354126,70
1430.0,45.83484363555908,70
1430.5,45.822153091430664,70
1431.0,45.81112766265869,70
1431.5,45.80765151977539,70
1432.0,45.80115604400635,70
1432.5,45.79481220245361,70
1433.0,45.79043102264404,70
1433.5,45.78574752807617,70
1434.0,45.77577590942383,70
1434.5,45.7667121887207,70
1435.0,45.76036834716797,70
1435.5,45.75221061706543,70
1436.0,45.75130367279053,70
1436.5,45.738614082336426,70
1437.0,45.723206520080566,70
1437.5,45.71504878997803,70
1438.0,45.7067232131958,70
1438.5,45.703097343444824,70
1439.0,45.70762825012207,70
1439.5,45.71216106414795,70
1440.0,45.704909324645996,70
1440.5,45.703097343444824,70
1441.0,45.7058162689209,70
1441.5,45.6931266784668,70
1442.0,45.700377464294434,70
1442.5,45.692219734191895,70
1443.0,45.68574142456055,70
1443.5,45.68755531311035,70
1444.0,45.68392848968506,70
1444.5,45.6929931640625,70
1445.0,45.6939001083374,70
1445.5,45.688462257385254,70
1446.0,45.683929443359375,70
1446.5,45.67395877838135,70
1447.0,45.65673637390137,70
1447.5,45.6411771774292,70
1448.0,45.64404773712158,70
1448.5,45.62758255004883,70
1449.0,45.62395763397217,70
1449.5,45.61126708984375,70
1450.0,45.603108406066895,70
1450.5,45.59585666656494,70
1451.0,45.581356048583984,70
1451.5,45.565040588378906,70
1452.0,45.55960273742676,70
1452.5,45.54781913757324,70
1453.0,45.52969169616699,70
1453.5,45.52787780761719,70
1454.0,45.52062702178955,70
1454.5,45.51156234741211,70
1455.0,45.49602699279785,70
1455.5,45.48152446746826,70
1456.0,45.47802734375,70
1456.5,45.48696231842041,70
1457.0,45.473493576049805,70
1457.5,45.467928886413574,70
1458.0,45.46249008178711,70
1458.5,45.45886516571045,70
1459.0,45.455238342285156,70
1459.5,45.44980049133301,70
1460.0,45.44526958465576,70
1460.5,45.430766105651855,70
1461.0,45.42532730102539,70
1461.5,45.41898250579834,70
1462.0,45.41354560852051,70
1462.5,45.404480934143066,70
1463.0,45.40253448486328,70
1463.5,45.392563819885254,70
1464.0,45.38531303405762,70
1464.5,45.378061294555664,70
1465.0,45.37806224822998,70
1465.5,45.37987518310547,70
1466.0,45.378061294555664,70
1466.5,45.36537170410156,70
1467.0,45.352681159973145,70
1467.5,45.351776123046875,70
1468.0,45.3507022857666,70
1468.5,45.349056243896484,70
1469.0,45.34905815124512,70
1469.5,45.34543228149414,70
1470.0,45.33710479736328,70
1470.5,45.326229095458984,70
1471.0,45.31535243988037,70
1471.5,45.29541015625,70
1472.0,45.290879249572754,70
1472.5,45.2735071182251,70
1473.0,45.25552940368652,70
1473.5,45.241933822631836,70
1474.0,45.223806381225586,70
1474.5,45.22018051147461,70
1475.0,45.21020984649658,70
1475.5,45.213685035705566,70
1476.0,45.2200288772583,70
1476.5,45.21821689605713,70
1477.0,45.229092597961426,70
1477.5,45.225467681884766,70
1478.0,45.23906326293945,70
1478.5,45.24178218841553,70
1479.0,45.242690086364746,70
1479.5,45.24359703063965,70
1480.0,45.24801445007324,70
1480.5,45.24812698364258,70
1481.0,45.24631404876709,70
1481.5,45.23815631866455,70
1482.0,45.23543739318848,70
1482.5,45.23532581329346,70
1483.0,45.239970207214355,70
1483.5,45.23442077636719,70
1484.0,45.24438953399658,70
1484.5,45.24620056152344,70
1485.0,45.24710655212402,70
1485.5,45.248013496398926,70
1486.0,45.242576599121094,70
1486.5,45.238951683044434,70
1487.0,45.226261138916016,70
1487.5,45.211758613586426,70
1488.0,45.20722675323486,70
1488.5,45.2043571472168,70
1489.0,45.19635009765625,70
1489.5,45.18260383605957,70
1490.0,45.17459583282471,70
1490.5,45.17822074890137,70
1491.0,45.18169689178467,70
1491.5,45.174445152282715,70
1492.0,45.177316665649414,70
1492.5,45.17444610595703,70
1493.0,45.16538047790527,70
1493.5,45.15722465515137,70
1494.0,45.156317710876465,70
1494.5,45.169007301330566,70
1495.0,45.1753511428833,70
1495.5,45.17353916168213,70
1496.0,45.17610740661621,70
1496.5,45.17172622680664,70
1497.0,45.163418769836426,70
1497.5,45.167043685913086,70
1498.0,45.16341781616211,70
1498.5,45.1652307510376,70
1499.0,45.155259132385254,70
1499.5,45.14710330963135,70
1500.0,45.13259983062744,70
1500.5,45.125349044799805,70
1501.0,45.115379333496094,70
1501.5,45.10631561279297,70
1502.0,45.105241775512695,70
1502.5,45.092552185058594,70
1503.0,45.08530044555664,70
1503.5,45.0635461807251,70
1504.0,45.088019371032715,70
1504.5,45.08002853393555,70
1505.0,45.07260990142822,70
1505.5,45.06717014312744,70
1506.0,45.07261085510254,70
1506.5,45.08258056640625,70
1507.0,45.085299491882324,70
1507.5,45.08348751068115,70
1508.0,45.083356857299805,70
1508.5,45.09255123138428,70
1509.0,45.07805061340332,70
1509.5,45.07260990142822,70
1510.0,45.05810832977295,70
1510.5,45.05085563659668,70
1511.0,45.03907299041748,70
1511.5,45.03078556060791,70
1512.0,45.02444076538086,70
1512.5,45.01459980010986,70
1513.0,45.01278877258301,70
1513.5,45.00540542602539,70
1514.0,44.99724864959717,70
1514.5,44.98999786376953,70
1515.0,44.98727798461914,70
1515.5,44.982747077941895,70
1516.0,44.9689998626709,70
1516.5,44.95917987823486,70
1517.0,44.949965476989746,70
1517.5,44.94090175628662,70
1518.0,44.92654991149902,70
1518.5,44.92549133300781,70
1519.0,44.92277431488037,70
1519.5,44.912803649902344,70
1520.0,44.90555191040039,70
1520.5,44.90736484527588,70
1521.0,44.89648723602295,70
1521.5,44.880173683166504,70
1522.0,44.87020301818848,70
1522.5,44.864763259887695,70
1523.0,44.858418464660645,70
1523.5,44.86295127868652,70
1524.0,44.852867126464844,70
1524.5,44.844709396362305,70
1525.0,44.84471035003662,70
1525.5,44.83836555480957,70
1526.0,44.840179443359375,70
1526.5,44.843804359436035,70
1527.0,44.834739685058594,70
1527.5,44.82567501068115,70
1528.0,44.82023811340332,70
1528.5,44.811174392700195,70
1529.0,44.811174392700195,70
1529.5,44.80467891693115,70
1530.0,44.79380130767822,70
1530.5,44.78836154937744,70
1531.0,44.774916648864746,70
1531.5,44.772047996520996,70
1532.0,44.76660919189453,70
1532.5,44.76479530334473,70
1533.0,44.75391864776611,70
1533.5,44.744704246520996,70
1534.0,44.74198532104492,70
1534.5,44.73397922515869,70
1535.0,44.72038269042969,70
1535.5,44.71388816833496,70
1536.0,44.704824447631836,70
1536.5,44.70119857788086,70
1537.0,44.689414978027344,70
1537.5,44.68850803375244,70
1538.0,44.68412780761719,70
1538.5,44.67309856414795,70
1539.0,44.66041088104248,70
1539.5,44.65406513214111,70
1540.0,44.62687301635742,70
1540.5,44.626874923706055,70
1541.0,44.615092277526855,70
1541.5,44.60330772399902,70
1542.0,44.59770107269287,70
1542.5,44.60223197937012,70
1543.0,44.605857849121094,70
1543.5,44.606764793395996,70
1544.0,44.604044914245605,70
1544.5,44.60585880279541,70
1545.0,44.604044914245605,70
1545.5,44.59860801696777,70
1546.0,44.58759784698486,70
1546.5,44.58759689331055,70
1547.0,44.58863544464111,70
1547.5,44.59135627746582,70
1548.0,44.587730407714844,70
1548.5,44.577627182006836,70
1549.0,44.58125114440918,70
1549.5,44.59303569793701,70
1550.0,44.59847450256348,70
1550.5,44.60210037231445,70
1551.0,44.61841583251953,70
1551.5,44.626572608947754,70
1552.0,44.63744831085205,70
1552.5,44.649231910705566,70
1553.0,44.64923095703125,70
1553.5,44.64819622039795,70
1554.0,44.650007247924805,70
1554.5,44.66360378265381,70
1555.0,44.67538642883301,70
1555.5,44.68716907501221,70
1556.0,44.70439147949219,70
1556.5,44.71692943572998,70
1557.0,44.724181175231934,70
1557.5,44.73430347442627,70
1558.0,44.74608612060547,70
1558.5,44.75424289703369,70
1559.0,44.77131271362305,70
1559.5,44.78581714630127,70
1560.0,44.80772113800049,70
1560.5,44.83113479614258,70
1561.0,44.84641456604004,70
1561.5,44.874643325805664,70
1562.0,44.89989185333252,70
1562.5,44.921645164489746,70
1563.0,44.9471549987793,70
1563.5,44.962432861328125,70
1564.0,44.97693634033203,70
1564.5,45.00516414642334,70
1565.0,45.03313064575195,70
1565.5,45.05851078033447,70
1566.0,45.07663917541504,70
1566.5,45.09567356109619,70
1567.0,45.11561393737793,70
1567.5,45.13447570800781,70
1568.0,45.14733600616455,70
1568.5,45.16184139251709,70
1569.0,45.17707824707031,70
1569.5,45.1897668838501,70
1570.0,45.20064353942871,70
1570.5,45.22330379486084,70
1571.0,45.235087394714355,70
1571.5,45.25973129272461,70
1572.0,45.270437240600586,70
1572.5,45.2813138961792,70
1573.0,45.287659645080566,70
1573.5,45.314849853515625,70
1574.0,45.34370803833008,70
1574.5,45.36183452606201,70
1575.0,45.37814998626709,70
1575.5,45.39189434051514,70
1576.0,45.40534210205078,70
1576.5,45.4171257019043,70
1577.0,45.42890930175781,70
1577.5,45.450660705566406,70
1578.0,45.46867752075195,70
1578.5,45.49598026275635,70
1579.0,45.52679920196533,70
1579.5,45.546738624572754,70
1580.0,45.5693998336792,70
1580.5,45.6065616607666,70
1581.0,45.637267112731934,70
1581.5,45.668989181518555,70
1582.0,45.69890213012695,70
1582.5,45.715216636657715,70
1583.0,45.742408752441406,70
1583.5,45.77231979370117,70
1584.0,45.80222988128662,70
1584.5,45.8321418762207,70
1585.0,45.8573694229126,70
1585.5,45.885467529296875,70
1586.0,45.91281032562256,70
1586.5,45.94544219970703,70
1587.0,45.973389625549316,70
1587.5,46.007832527160645,70
1588.0,46.04786491394043,70
1588.5,46.07399845123291,70
1589.0,46.099528312683105,70
1589.5,46.12490749359131,70
1590.0,46.14832305908203,70
1590.5,46.17370319366455,70
1591.0,46.20089530944824,70
1591.5,46.22899341583252,70
1592.0,46.25437068939209,70
