Timestamp,Average Temperature
0.0,44.909953117370605
0.5,44.897263526916504
1.0,44.894657135009766
1.5,44.88196849822998
2.0,44.85945987701416
2.5,44.84495735168457
3.0,44.82954788208008
3.5,44.82682991027832
4.0,44.81957721710205
4.5,44.82971668243408
5.0,44.82518291473389
5.5,44.83152961730957
6.0,44.83152961730957
6.5,44.83334255218506
7.0,44.83619022369385
7.5,44.850693702697754
8.0,44.8698787689209
8.5,44.86534595489502
9.0,44.88075542449951
9.5,44.894351959228516
10.0,44.90534210205078
10.5,44.922563552856445
11.0,44.93887901306152
11.5,44.963351249694824
12.0,44.976040840148926
12.5,44.97891044616699
13.0,44.98434829711914
13.5,45.00066375732422
14.0,45.01607322692871
14.5,45.01879119873047
15.0,45.03238868713379
15.5,45.02785682678223
16.0,45.029839515686035
16.5,45.04343605041504
17.0,45.05703067779541
17.5,45.067148208618164
18.0,45.078932762145996
18.5,45.09977912902832
19.0,45.11518955230713
19.5,45.12787914276123
20.0,45.138888359069824
20.5,45.15792274475098
21.0,45.17242431640625
21.5,45.18692874908447
22.0,45.20065402984619
22.5,45.220462799072266
23.0,45.23147201538086
23.5,45.24325466156006
24.0,45.25050640106201
24.5,45.25685119628906
25.0,45.2758846282959
25.5,45.29673194885254
26.0,45.325870513916016
26.5,45.35020923614502
27.0,45.36937713623047
27.5,45.39475631713867
28.0,45.416510581970215
28.5,45.42030048370361
29.0,45.440982818603516
29.5,45.465455055236816
30.0,45.482842445373535
30.5,45.5000638961792
31.0,45.50187587738037
31.5,45.533599853515625
32.0,45.54175853729248
32.5,45.55807304382324
33.0,45.58254623413086
33.5,45.61064529418945
34.0,45.6514310836792
34.5,45.68768787384033
35.0,45.71397304534912
35.5,45.74025821685791
36.0,45.763824462890625
36.5,45.79011058807373
37.0,45.82198715209961
37.5,45.83724308013916
38.0,45.85008716583252
38.5,45.868215560913086
39.0,45.884531021118164
39.5,45.89449882507324
40.0,45.90884876251221
40.5,45.9280366897583
41.0,45.95719051361084
41.5,45.994205474853516
42.0,46.03695201873779
42.5,46.07139492034912
43.0,46.10946464538574
43.5,46.134843826293945
44.0,46.16641902923584
44.5,46.2037296295166
45.0,46.23001575469971
45.5,46.26717662811279
46.0,46.2999210357666
46.5,46.32711219787598
47.0,46.357930183410645
47.5,46.38602924346924
48.0,46.412312507629395
48.5,46.42953586578369
49.0,46.434067726135254
49.5,46.447662353515625
50.0,46.46140956878662
50.5,46.48950958251953
51.0,46.507636070251465
51.5,46.52229118347168
52.0,46.538453102111816
52.5,46.54842472076416
53.0,46.56851577758789
53.5,46.575615882873535
54.0,46.59933376312256
54.5,46.621087074279785
55.0,46.6446533203125
55.5,46.662949562072754
56.0,46.69467258453369
56.5,46.71461296081543
57.0,46.73727321624756
57.5,46.7590274810791
58.0,46.76990509033203
58.5,46.78531265258789
59.0,46.795416831970215
59.5,46.810691833496094
60.0,46.825326919555664
60.5,46.849799156188965
61.0,46.8751802444458
61.5,46.89240074157715
62.0,46.9241247177124
62.5,46.941346168518066
63.0,46.96776008605957
63.5,46.986666679382324
64.0,47.00401496887207
64.5,47.0274543762207
65.0,47.050241470336914
65.5,47.07367992401123
66.0,47.087403297424316
66.5,47.1055326461792
67.0,47.11369037628174
67.5,47.13725566864014
68.0,47.154476165771484
68.5,47.17713642120361
69.0,47.196170806884766
69.5,47.21171283721924
70.0,47.22802925109863
70.5,47.257033348083496
71.0,47.28875732421875
71.5,47.32229423522949
72.0,47.34948539733887
72.5,47.37486457824707
73.0,47.38574028015137
73.5,47.4102144241333
74.0,47.43740653991699
74.5,47.456440925598145
75.0,47.478193283081055
75.5,47.483633041381836
76.0,47.507198333740234
76.5,47.524420738220215
77.0,47.54164218902588
77.5,47.56535816192627
78.0,47.57699108123779
78.5,47.59527015686035
79.0,47.62140369415283
79.5,47.62790012359619
80.0,47.643309593200684
80.5,47.65962314605713
81.0,47.684096336364746
81.5,47.69044303894043
82.0,47.72035312652588
82.5,47.75298309326172
83.0,47.75479698181152
83.5,47.778361320495605
84.0,47.78923988342285
84.5,47.800116539001465
85.0,47.81733703613281
85.5,47.8309326171875
86.0,47.85268592834473
86.5,47.86990928649902
87.0,47.894381523132324
87.5,47.91160297393799
88.0,47.93698310852051
88.5,47.959641456604004
89.0,47.973238945007324
89.5,47.99408531188965
90.0,48.007680892944336
90.5,48.00949287414551
91.0,48.023996353149414
91.5,48.03050994873047
92.0,48.04212284088135
92.5,48.06569004058838
93.0,48.092881202697754
93.5,48.108290672302246
94.0,48.1291389465332
94.5,48.142733573913574
95.0,48.16901874542236
95.5,48.18714714050293
96.0,48.217058181762695
96.5,48.22159004211426
97.0,48.2424373626709
97.5,48.266005516052246
98.0,48.290475845336914
98.5,48.31585693359375
99.0,48.34214115142822
99.5,48.36827564239502
100.0,48.385647773742676
100.5,48.41737174987793
101.0,48.44167518615723
101.5,48.45979976654053
102.0,48.46974754333496
102.5,48.46701622009277
103.0,48.46882343292236
103.5,48.48329544067383
104.0,48.48873329162598
104.5,48.51226043701172
105.0,48.52402591705322
105.5,48.54394054412842
106.0,48.56283664703369
106.5,48.58378601074219
107.0,48.610939025878906
107.5,48.634488105773926
108.0,48.66062545776367
108.5,48.69596290588379
109.0,48.7231330871582
109.5,48.74941825866699
110.0,48.76753902435303
110.5,48.788368225097656
111.0,48.804542541503906
111.5,48.82096290588379
112.0,48.83440971374512
112.5,48.838932037353516
113.0,48.847195625305176
113.5,48.855207443237305
114.0,48.85519027709961
114.5,48.85892677307129
115.0,48.870585441589355
115.5,48.88326549530029
116.0,48.89970397949219
116.5,48.91859436035156
117.0,48.9430570602417
117.5,48.952887535095215
118.0,48.962998390197754
118.5,48.9728307723999
119.0,48.98278045654297
119.5,48.994577407836914
120.0,49.01540946960449
120.5,49.01994323730469
121.0,49.035179138183594
121.5,49.04876136779785
122.0,49.05237007141113
122.5,49.059590339660645
123.0,49.067734718322754
123.5,49.07135009765625
124.0,49.07861137390137
124.5,49.07755470275879
125.0,49.08858108520508
125.5,49.09206008911133
126.0,49.09024715423584
126.5,49.08933639526367
127.0,49.09476184844971
127.5,49.09474849700928
128.0,49.10288429260254
128.5,49.11194324493408
129.0,49.12009334564209
129.5,49.11540985107422
130.0,49.119032859802246
130.5,49.130797386169434
131.0,49.141661643981934
131.5,49.141653060913086
132.0,49.149678230285645
132.5,49.14967060089111
133.0,49.14876461029053
133.5,49.14876079559326
134.0,49.15328598022461
134.5,49.16762924194336
135.0,49.16218185424805
135.5,49.16400337219238
136.0,49.160404205322266
136.5,49.1604118347168
137.0,49.16495323181152
137.5,49.15122318267822
138.0,49.14941215515137
138.5,49.152122497558594
139.0,49.15392589569092
139.5,49.14832401275635
140.0,49.149230003356934
140.5,49.150301933288574
141.0,49.14741230010986
141.5,49.13382339477539
142.0,49.13199996948242
142.5,49.122958183288574
143.0,49.123735427856445
143.5,49.106550216674805
144.0,49.09119701385498
144.5,49.089298248291016
145.0,49.08660697937012
145.5,49.071231842041016
146.0,49.07485103607178
146.5,49.062042236328125
147.0,49.057515144348145
147.5,49.06126403808594
148.0,49.0585355758667
148.5,49.05204200744629
149.0,49.04839897155762
149.5,49.04204559326172
150.0,49.042022705078125
150.5,49.03463840484619
151.0,49.02647113800049
151.5,49.01558971405029
152.0,49.00181770324707
152.5,48.98369598388672
153.0,48.98006343841553
153.5,48.96737098693848
154.0,48.95090579986572
154.5,48.94002056121826
155.0,48.931745529174805
155.5,48.9291296005249
156.0,48.91270160675049
156.5,48.8981990814209
157.0,48.89287090301514
157.5,48.886412620544434
158.0,48.87916564941406
158.5,48.887163162231445
159.0,48.898027420043945
159.5,48.90164756774902
160.0,48.90876579284668
160.5,48.90876865386963
161.0,48.91692543029785
161.5,48.91330909729004
162.0,48.90787124633789
162.5,48.89410877227783
163.0,48.87779426574707
163.5,48.86314296722412
164.0,48.85332012176514
164.5,48.84773349761963
165.0,48.840453147888184
165.5,48.83229160308838
166.0,48.83308410644531
166.5,48.83670997619629
167.0,48.84122562408447
167.5,48.83850574493408
168.0,48.825819969177246
168.5,48.8202486038208
169.0,48.81661415100098
169.5,48.81933403015137
170.0,48.80937957763672
170.5,48.81195545196533
171.0,48.80923557281494
171.5,48.80996894836426
172.0,48.802717208862305
172.5,48.81449222564697
173.0,48.81357669830322
173.5,48.81071090698242
174.0,48.810720443725586
174.5,48.81523895263672
175.0,48.81977558135986
175.5,48.827932357788086
176.0,48.83790302276611
176.5,48.84595203399658
177.0,48.84775447845459
177.5,48.83687686920166
178.0,48.8332576751709
178.5,48.839433670043945
179.0,48.83670997619629
179.5,48.84304618835449
180.0,48.84200954437256
180.5,48.84667491912842
181.0,48.8438138961792
181.5,48.84290599822998
182.0,48.832777976989746
182.5,48.825541496276855
183.0,48.81650638580322
183.5,48.81379699707031
184.0,48.81272602081299
184.5,48.81725788116455
185.0,48.808199882507324
185.5,48.80637741088867
186.0,48.791775703430176
186.5,48.79448127746582
187.0,48.79446315765381
187.5,48.79084491729736
188.0,48.78813362121582
188.5,48.797950744628906
189.0,48.79976749420166
189.5,48.80248737335205
190.0,48.80141258239746
190.5,48.7923641204834
191.0,48.78783416748047
191.5,48.789480209350586
192.0,48.77769088745117
192.5,48.77769756317139
193.0,48.7793664932251
193.5,48.78118705749512
194.0,48.792059898376465
194.5,48.79115676879883
195.0,48.80564212799072
195.5,48.81003665924072
196.0,48.8073091506958
196.5,48.810922622680664
197.0,48.818915367126465
197.5,48.83340930938721
198.0,48.83249759674072
198.5,48.838839530944824
199.0,48.83339977264404
199.5,48.83418369293213
200.0,48.840518951416016
200.5,48.826026916503906
201.0,48.83399772644043
201.5,48.82946491241455
202.0,48.84487342834473
202.5,48.85560321807861
203.0,48.8701114654541
203.5,48.89277458190918
204.0,48.90636157989502
204.5,48.91346549987793
205.0,48.91710376739502
205.5,48.92343616485596
206.0,48.93600559234619
206.5,48.93147659301758
207.0,48.93509387969971
207.5,48.93690586090088
208.0,48.94129180908203
208.5,48.94581413269043
209.0,48.94853687286377
209.5,48.95651435852051
210.0,48.960153579711914
210.5,48.97375774383545
211.0,48.978299140930176
211.5,48.992674827575684
212.0,49.00445365905762
212.5,49.01515865325928
213.0,49.03055000305176
213.5,49.04323673248291
214.0,49.0504732131958
214.5,49.05227756500244
215.0,49.04773712158203
215.5,49.03948402404785
216.0,49.0440149307251
216.5,49.046738624572754
217.0,49.0340576171875
217.5,49.0311861038208
218.0,49.01850700378418
218.5,49.016703605651855
219.0,49.019408226013184
219.5,49.02120876312256
220.0,49.0184850692749
220.5,49.02375030517578
221.0,49.031005859375
221.5,49.034645080566406
222.0,49.03285026550293
222.5,49.02817344665527
223.0,49.01548194885254
223.5,49.01365566253662
224.0,49.00368690490723
224.5,48.99370861053467
225.0,48.987223625183105
225.5,48.98088359832764
226.0,48.973618507385254
226.5,48.96635913848877
227.0,48.96169948577881
227.5,48.964415550231934
228.0,48.9517297744751
228.5,48.94991588592529
229.0,48.945252418518066
229.5,48.93709468841553
230.0,48.92439556121826
230.5,48.920769691467285
231.0,48.911702156066895
231.5,48.89977169036865
232.0,48.8970365524292
232.5,48.887972831726074
233.0,48.88069820404053
233.5,48.86983108520508
234.0,48.85786533355713
234.5,48.848801612854004
235.0,48.835206031799316
235.5,48.82886600494385
236.0,48.826889991760254
236.5,48.81526184082031
237.0,48.81525135040283
237.5,48.808762550354004
238.0,48.7959623336792
238.5,48.78338623046875
239.0,48.78055000305176
239.5,48.76878643035889
240.0,48.755948066711426
240.5,48.7452278137207
241.0,48.756850242614746
241.5,48.7478084564209
242.0,48.74961853027344
242.5,48.74507713317871
243.0,48.74417209625244
243.5,48.73949146270752
244.0,48.72862243652344
244.5,48.73495960235596
245.0,48.72952842712402
245.5,48.71940517425537
246.0,48.70945739746094
246.5,48.71035385131836
247.0,48.704776763916016
247.5,48.70116329193115
248.0,48.69300556182861
248.5,48.676615715026855
249.0,48.67842769622803
249.5,48.678436279296875
250.0,48.67559623718262
250.5,48.671058654785156
251.0,48.65022659301758
251.5,48.635725021362305
252.0,48.636630058288574
252.5,48.62833118438721
253.0,48.62653636932373
253.5,48.622901916503906
254.0,48.617292404174805
254.5,48.61276435852051
255.0,48.61637592315674
255.5,48.60641956329346
256.0,48.614577293395996
256.5,48.61171054840088
257.0,48.61535167694092
257.5,48.6262149810791
258.0,48.63437843322754
258.5,48.63880920410156
259.0,48.638824462890625
259.5,48.64156627655029
260.0,48.64327621459961
260.5,48.64510536193848
261.0,48.64874839782715
261.5,48.65420150756836
262.0,48.65586757659912
262.5,48.64499473571777
263.0,48.64500713348389
263.5,48.637624740600586
264.0,48.63056659698486
264.5,48.62409210205078
265.0,48.615041732788086
265.5,48.60870933532715
266.0,48.60598945617676
266.5,48.60117244720459
267.0,48.58769989013672
267.5,48.584980964660645
268.0,48.56310844421387
268.5,48.55130863189697
269.0,48.56216239929199
269.5,48.57198143005371
270.0,48.58284091949463
270.5,48.59189701080322
271.0,48.587204933166504
271.5,48.59459400177002
272.0,48.5899019241333
272.5,48.58628177642822
273.0,48.58882427215576
273.5,48.586103439331055
274.0,48.600584983825684
274.5,48.611456871032715
275.0,48.611297607421875
275.5,48.614004135131836
276.0,48.613083839416504
276.5,48.613986015319824
277.0,48.61023807525635
277.5,48.612056732177734
278.0,48.60752487182617
278.5,48.60283279418945
279.0,48.610063552856445
279.5,48.61730766296387
280.0,48.63088130950928
280.5,48.6245231628418
281.0,48.620755195617676
281.5,48.62346649169922
282.0,48.63070011138916
282.5,48.64321804046631
283.0,48.638848304748535
283.5,48.642319679260254
284.0,48.657586097717285
284.5,48.65941524505615
285.0,48.66304111480713
285.5,48.664873123168945
286.0,48.67392349243164
286.5,48.67108345031738
287.0,48.667476654052734
287.5,48.67563343048096
288.0,48.67835712432861
288.5,48.66930294036865
289.0,48.670992851257324
289.5,48.68095588684082
290.0,48.68803882598877
290.5,48.680803298950195
291.0,48.67881107330322
291.5,48.689842224121094
292.0,48.68514347076416
292.5,48.68515682220459
293.0,48.69679927825928
293.5,48.706007957458496
294.0,48.704097747802734
294.5,48.700493812561035
295.0,48.70865726470947
295.5,48.71303462982178
296.0,48.72661781311035
296.5,48.72298240661621
297.0,48.72839832305908
297.5,48.72283458709717
298.0,48.723740577697754
298.5,48.730998039245605
299.0,48.73460006713867
299.5,48.73627853393555
300.0,48.74533462524414
300.5,48.74624824523926
301.0,48.74717044830322
301.5,48.7642126083374
302.0,48.761505126953125
302.5,48.76059532165527
303.0,48.7649621963501
303.5,48.77220821380615
304.0,48.774017333984375
304.5,48.78579616546631
305.0,48.793931007385254
305.5,48.79559135437012
306.0,48.803741455078125
306.5,48.812668800354004
307.0,48.82444381713867
307.5,48.836201667785645
308.0,48.830766677856445
308.5,48.83711242675781
309.0,48.84511852264404
309.5,48.84330654144287
310.0,48.840596199035645
310.5,48.83595085144043
311.0,48.8314094543457
311.5,48.83062171936035
312.0,48.83303451538086
312.5,48.843159675598145
313.0,48.85023593902588
313.5,48.86471080780029
314.0,48.86999702453613
314.5,48.86910438537598
315.0,48.86819839477539
315.5,48.87272262573242
316.0,48.879859924316406
316.5,48.87534427642822
317.0,48.86704444885254
317.5,48.874300956726074
318.0,48.88878345489502
318.5,48.90509223937988
319.0,48.915968894958496
319.5,48.91505813598633
320.0,48.92941379547119
320.5,48.93304252624512
321.0,48.946624755859375
321.5,48.95551681518555
322.0,48.96455955505371
322.5,48.969970703125
323.0,48.96092891693115
323.5,48.965431213378906
324.0,48.96076488494873
324.5,48.961663246154785
325.0,48.96876335144043
325.5,48.97963333129883
326.0,48.99320125579834
326.5,48.994099617004395
327.0,48.99590587615967
327.5,48.999526023864746
328.0,49.00209999084473
328.5,49.00650119781494
329.0,49.011019706726074
329.5,49.00467586517334
330.0,49.006319999694824
330.5,49.01735305786133
331.0,49.020809173583984
331.5,49.02533721923828
332.0,49.038920402526855
332.5,49.03876972198486
333.0,49.042391777038574
333.5,49.044203758239746
334.0,49.04148769378662
334.5,49.045104026794434
335.0,49.03954792022705
335.5,49.04044437408447
336.0,49.02866554260254
336.5,49.02489757537842
337.0,49.02942085266113
337.5,49.046624183654785
338.0,49.05476760864258
338.5,49.06096172332764
339.0,49.06729793548584
339.5,49.071821212768555
340.0,49.08179187774658
340.5,49.083436012268066
341.0,49.100643157958984
341.5,49.11150074005127
342.0,49.116804122924805
342.5,49.135833740234375
343.0,49.141289710998535
343.5,49.147629737854004
344.0,49.15927600860596
344.5,49.161088943481445
345.0,49.156551361083984
345.5,49.166521072387695
346.0,49.168338775634766
346.5,49.17002773284912
347.0,49.16185760498047
347.5,49.160956382751465
348.0,49.146307945251465
348.5,49.14450168609619
349.0,49.13634777069092
349.5,49.12711238861084
350.0,49.13345718383789
350.5,49.13978862762451
351.0,49.144320487976074
351.5,49.13706111907959
352.0,49.12606143951416
352.5,49.125163078308105
353.0,49.107059478759766
353.5,49.10524654388428
354.0,49.09257698059082
354.5,49.077993392944336
355.0,49.07528877258301
355.5,49.06427001953125
356.0,49.05806636810303
356.5,49.05067825317383
357.0,49.05068874359131
357.5,49.04601287841797
358.0,49.0505485534668
358.5,49.04692363739014
359.0,49.04511070251465
359.5,49.0458459854126
360.0,49.05400371551514
360.5,49.04675579071045
361.0,49.03316688537598
361.5,49.02759265899658
362.0,49.00949478149414
362.5,48.98596382141113
363.0,48.96423625946045
363.5,48.94962120056152
364.0,48.94147300720215
364.5,48.93423938751221
365.0,48.91884422302246
365.5,48.92414855957031
366.0,48.92233467102051
366.5,48.91238594055176
367.0,48.8968391418457
367.5,48.8950309753418
368.0,48.88327503204346
368.5,48.86608028411865
369.0,48.86064624786377
369.5,48.85776233673096
370.0,48.855953216552734
370.5,48.85853576660156
371.0,48.8603515625
371.5,48.85764694213867
372.0,48.85403537750244
372.5,48.8458890914917
373.0,48.85226631164551
373.5,48.848544120788574
374.0,48.85128211975098
374.5,48.85039234161377
375.0,48.86035919189453
375.5,48.8692684173584
376.0,48.87560844421387
376.5,48.881948471069336
377.0,48.87742900848389
377.5,48.87820625305176
378.0,48.8764009475708
378.5,48.87822246551514
379.0,48.875494956970215
379.5,48.87623405456543
380.0,48.87441635131836
380.5,48.8662633895874
381.0,48.87697505950928
381.5,48.879679679870605
382.0,48.86713790893555
382.5,48.86061668395996
383.0,48.85518169403076
383.5,48.84521198272705
384.0,48.841431617736816
384.5,48.82693862915039
385.0,48.81424045562744
385.5,48.80234241485596
386.0,48.79780101776123
386.5,48.789642333984375
387.0,48.78872013092041
387.5,48.778748512268066
388.0,48.76499557495117
388.5,48.74325656890869
389.0,48.73586654663086
389.5,48.73690414428711
390.0,48.724082946777344
390.5,48.723158836364746
391.0,48.70957660675049
391.5,48.70596218109131
392.0,48.7095890045166
392.5,48.69947052001953
393.0,48.67954158782959
393.5,48.67683029174805
394.0,48.67400360107422
394.5,48.678526878356934
395.0,48.66675281524658
395.5,48.67307949066162
396.0,48.66492748260498
396.5,48.65933704376221
397.0,48.63939666748047
397.5,48.63576126098633
398.0,48.61946105957031
398.5,48.62022018432617
399.0,48.61296081542969
399.5,48.60674571990967
400.0,48.59845447540283
400.5,48.592108726501465
401.0,48.57564735412598
401.5,48.566582679748535
402.0,48.56022930145264
402.5,48.55010986328125
403.0,48.54288387298584
403.5,48.54470157623291
404.0,48.53295707702637
404.5,48.53116703033447
405.0,48.5228796005249
405.5,48.51745796203613
406.0,48.51475524902344
406.5,48.517372131347656
407.0,48.516472816467285
407.5,48.52461528778076
408.0,48.522809982299805
408.5,48.5318660736084
409.0,48.530043601989746
409.5,48.53804588317871
410.0,48.5496826171875
410.5,48.549683570861816
411.0,48.54605674743652
411.5,48.551615715026855
412.0,48.55131435394287
412.5,48.54860496520996
413.0,48.55404853820801
413.5,48.548644065856934
414.0,48.546871185302734
414.5,48.54872226715088
415.0,48.55239200592041
415.5,48.55150318145752
416.0,48.554996490478516
416.5,48.55228042602539
417.0,48.5559024810791
417.5,48.54593276977539
418.0,48.535847663879395
418.5,48.52678871154785
419.0,48.53312873840332
419.5,48.5313024520874
420.0,48.522074699401855
420.5,48.51754379272461
421.0,48.51390743255615
421.5,48.51297950744629
422.0,48.50737190246582
422.5,48.512789726257324
423.0,48.51820468902588
423.5,48.51186561584473
424.0,48.50732612609863
424.5,48.498985290527344
425.0,48.48647880554199
425.5,48.48358631134033
426.0,48.48721504211426
426.5,48.48629665374756
427.0,48.493534088134766
427.5,48.49985694885254
428.0,48.50151062011719
428.5,48.499834060668945
429.0,48.49966621398926
429.5,48.49331760406494
430.0,48.48151206970215
430.5,48.486833572387695
431.0,48.484219551086426
431.5,48.4751501083374
432.0,48.47864532470703
432.5,48.480454444885254
433.0,48.47862720489502
433.5,48.485716819763184
434.0,48.49385070800781
434.5,48.49216651916504
435.0,48.503790855407715
435.5,48.51181507110596
436.0,48.51905155181885
436.5,48.52268123626709
437.0,48.52720069885254
437.5,48.53354549407959
438.0,48.54713249206543
438.5,48.55874538421631
439.0,48.56147384643555
439.5,48.56509304046631
440.0,48.565101623535156
440.5,48.56781768798828
441.0,48.559542655944824
441.5,48.57946968078613
442.0,48.57492446899414
442.5,48.58218002319336
443.0,48.59111022949219
443.5,48.6001615524292
444.0,48.60106372833252
444.5,48.60648059844971
445.0,48.60556602478027
445.5,48.61098670959473
446.0,48.61825466156006
446.5,48.61629867553711
447.0,48.62536144256592
447.5,48.63531303405762
448.0,48.64528465270996
448.5,48.65329170227051
449.0,48.66596984863281
449.5,48.68587017059326
450.0,48.700361251831055
450.5,48.71121120452881
451.0,48.7193603515625
451.5,48.72823524475098
452.0,48.7354679107666
452.5,48.7463264465332
453.0,48.75627326965332
453.5,48.76790714263916
454.0,48.77165699005127
454.5,48.776041984558105
455.0,48.7777156829834
455.5,48.79219436645508
456.0,48.80396556854248
456.5,48.810322761535645
457.0,48.82117938995361
457.5,48.82012367248535
458.0,48.83734703063965
458.5,48.84730815887451
459.0,48.86438846588135
459.5,48.8781042098999
460.0,48.88884258270264
460.5,48.90605545043945
461.0,48.915120124816895
461.5,48.929433822631836
462.0,48.93231964111328
462.5,48.92851734161377
463.0,48.94210910797119
463.5,48.95749092102051
464.0,48.95386600494385
464.5,48.965484619140625
465.0,48.97287368774414
465.5,48.979074478149414
466.0,48.99899482727051
466.5,49.01167964935303
467.0,49.02967548370361
467.5,49.03872585296631
468.0,49.04779529571533
468.5,49.06590747833252
469.0,49.08582878112793
469.5,49.09941291809082
470.0,49.117390632629395
470.5,49.12009525299072
471.0,49.12917232513428
471.5,49.13100051879883
472.0,49.14443492889404
472.5,49.152597427368164
473.0,49.16360569000244
473.5,49.187002182006836
474.0,49.19514179229736
474.5,49.20584487915039
475.0,49.21308708190918
475.5,49.23301029205322
476.0,49.24930953979492
476.5,49.26016902923584
477.0,49.26908588409424
477.5,49.266361236572266
478.0,49.26546096801758
478.5,49.266353607177734
479.0,49.265445709228516
479.5,49.26635265350342
480.0,49.261823654174805
480.5,49.25716018676758
481.0,49.263495445251465
481.5,49.27707386016846
482.0,49.285231590270996
482.5,49.277852058410645
483.0,49.27059841156006
483.5,49.27149963378906
484.0,49.285067558288574
484.5,49.28037738800049
485.0,49.27765369415283
485.5,49.28579807281494
486.0,49.28940677642822
486.5,49.29664897918701
487.0,49.31296348571777
487.5,49.32728576660156
488.0,49.3444938659668
488.5,49.356449127197266
489.0,49.37803649902344
489.5,49.387085914611816
490.0,49.37971019744873
490.5,49.40236473083496
491.0,49.418678283691406
491.5,49.42683696746826
492.0,49.43500804901123
492.5,49.43772315979004
493.0,49.44395065307617
493.5,49.447564125061035
494.0,49.44937705993652
494.5,49.45028114318848
495.0,49.453898429870605
495.5,49.45389270782471
496.0,49.45571422576904
496.5,49.45102882385254
497.0,49.454660415649414
497.5,49.45645713806152
498.0,49.461886405944824
498.5,49.479997634887695
499.0,49.48983192443848
499.5,49.493449211120605
500.0,49.500699043273926
500.5,49.513389587402344
501.0,49.52607822418213
501.5,49.53137016296387
502.0,49.53770923614502
502.5,49.543158531188965
503.0,49.53954601287842
503.5,49.54031467437744
504.0,49.53490734100342
504.5,49.53873825073242
505.0,49.536776542663574
505.5,49.53858947753906
506.0,49.534820556640625
506.5,49.538597106933594
507.0,49.53044891357422
507.5,49.533931732177734
508.0,49.528493881225586
508.5,49.52035140991211
509.0,49.52033710479736
509.5,49.51750469207764
510.0,49.516605377197266
510.5,49.52204704284668
511.0,49.52838897705078
511.5,49.52748203277588
512.0,49.53020095825195
512.5,49.5282564163208
513.0,49.5257043838501
513.5,49.52738094329834
514.0,49.530099868774414
514.5,49.532809257507324
515.0,49.5136604309082
515.5,49.50009059906006
516.0,49.49920654296875
516.5,49.48924446105957
517.0,49.484561920166016
517.5,49.49107551574707
518.0,49.4909029006958
518.5,49.48184013366699
519.0,49.4890832901001
519.5,49.475481033325195
520.0,49.457369804382324
520.5,49.4490966796875
521.0,49.4401798248291
521.5,49.43294620513916
522.0,49.426496505737305
522.5,49.42741394042969
523.0,49.431053161621094
523.5,49.43014907836914
524.0,49.42639923095703
524.5,49.41385269165039
525.0,49.392876625061035
525.5,49.375667572021484
526.0,49.36659908294678
526.5,49.34304618835449
527.0,49.32220935821533
527.5,49.29579448699951
528.0,49.2912483215332
528.5,49.2785587310791
529.0,49.26043701171875
529.5,49.25678730010986
530.0,49.23234176635742
530.5,49.2178258895874
531.0,49.20694828033447
531.5,49.2013635635376
532.0,49.19230365753174
532.5,49.175108909606934
533.0,49.163336753845215
533.5,49.15881156921387
534.0,49.15773868560791
534.5,49.14776802062988
535.0,49.13797473907471
535.5,49.128743171691895
536.0,49.11243534088135
536.5,49.09430408477783
537.0,49.07347393035889
537.5,49.07150363922119
538.0,49.061540603637695
538.5,49.05519676208496
539.0,49.05247783660889
539.5,49.04060173034668
540.0,49.04150867462158
540.5,49.036983489990234
541.0,49.02248477935791
541.5,49.01523780822754
542.0,49.024152755737305
542.5,49.0268669128418
543.0,49.01600742340088
543.5,48.99788856506348
544.0,48.98686981201172
544.5,48.973416328430176
545.0,48.95424461364746
545.5,48.9451847076416
546.0,48.936279296875
546.5,48.91348648071289
547.0,48.893564224243164
547.5,48.867286682128906
548.0,48.85174083709717
548.5,48.83741569519043
549.0,48.82836437225342
549.5,48.82278823852539
550.0,48.80831241607666
550.5,48.7918701171875
551.0,48.774664878845215
551.5,48.755656242370605
552.0,48.75113010406494
552.5,48.744805335998535
553.0,48.73305797576904
553.5,48.72933292388916
554.0,48.722107887268066
554.5,48.704020500183105
555.0,48.699509620666504
555.5,48.68051815032959
556.0,48.66953468322754
556.5,48.65775108337402
557.0,48.63963222503662
557.5,48.626952171325684
558.0,48.61426544189453
558.5,48.60428810119629
559.0,48.593262672424316
559.5,48.582383155822754
560.0,48.56879997253418
560.5,48.57693958282471
561.0,48.56606388092041
561.5,48.549753189086914
562.0,48.54232883453369
562.5,48.53054618835449
563.0,48.51786518096924
563.5,48.508809089660645
564.0,48.50517559051514
564.5,48.49430274963379
565.0,48.47618865966797
565.5,48.453386306762695
566.0,48.43888473510742
566.5,48.42438983917236
567.0,48.413522720336914
567.5,48.40253734588623
568.0,48.40626621246338
568.5,48.401631355285645
569.0,48.40419960021973
569.5,48.3943977355957
570.0,48.39257621765137
570.5,48.400583267211914
571.0,48.40511512756348
571.5,48.39696788787842
572.0,48.397881507873535
572.5,48.404221534729004
573.0,48.40409564971924
573.5,48.39517116546631
574.0,48.38430309295654
574.5,48.37524890899658
575.0,48.37965679168701
575.5,48.34795093536377
576.0,48.337069511413574
576.5,48.326934814453125
577.0,48.317888259887695
577.5,48.313382148742676
578.0,48.2998046875
578.5,48.28802967071533
579.0,48.28168964385986
579.5,48.26343536376953
580.0,48.24998950958252
580.5,48.2516508102417
581.0,48.236409187316895
581.5,48.23171901702881
582.0,48.21439456939697
582.5,48.20183086395264
583.0,48.19808864593506
583.5,48.19264602661133
584.0,48.18629550933838
584.5,48.18628787994385
585.0,48.175415992736816
585.5,48.15262222290039
586.0,48.13465118408203
586.5,48.124545097351074
587.0,48.10551643371582
587.5,48.107322692871094
588.0,48.10550594329834
588.5,48.10277843475342
589.0,48.099164962768555
589.5,48.09734058380127
590.0,48.094621658325195
590.5,48.08012294769287
591.0,48.08087635040283
591.5,48.079962730407715
592.0,48.079959869384766
592.5,48.08992958068848
593.0,48.098087310791016
593.5,48.09264373779297
594.0,48.08992004394531
594.5,48.09172821044922
595.0,48.08702087402344
595.5,48.09262561798096
596.0,48.099698066711426
596.5,48.09608173370361
597.0,48.098060607910156
597.5,48.08792304992676
598.0,48.08810043334961
598.5,48.07978343963623
599.0,48.08069038391113
599.5,48.07706832885742
600.0,48.086995124816895
600.5,48.08067607879639
601.0,48.08882999420166
601.5,48.08325958251953
602.0,48.081573486328125
602.5,48.078734397888184
603.0,48.08067226409912
603.5,48.07704257965088
604.0,48.077956199645996
604.5,48.0787353515625
605.0,48.07069778442383
605.5,48.06786632537842
606.0,48.06619167327881
606.5,48.057939529418945
607.0,48.06338596343994
607.5,48.07425880432129
608.0,48.080599784851074
608.5,48.0887508392334
609.0,48.09316825866699
609.5,48.10678005218506
610.0,48.12942695617676
610.5,48.15026092529297
611.0,48.15751647949219
611.5,48.16477298736572
612.0,48.15934658050537
612.5,48.1629638671875
613.0,48.17111682891846
613.5,48.1792573928833
614.0,48.183621406555176
614.5,48.18195056915283
615.0,48.189940452575684
615.5,48.19189929962158
616.0,48.18543815612793
616.5,48.19012641906738
617.0,48.19285297393799
617.5,48.19723033905029
618.0,48.1963415145874
618.5,48.2017879486084
619.0,48.20723915100098
619.5,48.21630859375
620.0,48.23066329956055
620.5,48.23795795440674
621.0,48.23719787597656
621.5,48.22801685333252
622.0,48.231614112854004
622.5,48.238850593566895
623.0,48.24862861633301
623.5,48.248793601989746
624.0,48.25766181945801
624.5,48.26235389709473
625.0,48.2648868560791
625.5,48.28133583068848
626.0,48.297451972961426
626.5,48.314645767211914
627.0,48.32821559906006
627.5,48.341776847839355
628.0,48.35897254943848
628.5,48.371493339538574
629.0,48.38596248626709
629.5,48.40314960479736
630.0,48.42488193511963
630.5,48.45475196838379
631.0,48.47184371948242
631.5,48.491759300231934
632.0,48.51268291473389
632.5,48.53520679473877
633.0,48.55240440368652
633.5,48.5614538192749
634.0,48.57592487335205
634.5,48.58769130706787
635.0,48.60036754608154
635.5,48.6239128112793
636.0,48.64473342895508
636.5,48.67446231842041
637.0,48.70073890686035
637.5,48.717952728271484
638.0,48.73243236541748
638.5,48.74692726135254
639.0,48.7659387588501
639.5,48.7847957611084
640.0,48.788414001464844
640.5,48.79292678833008
641.0,48.807416915893555
641.5,48.81360149383545
642.0,48.82368850708008
642.5,48.836222648620605
643.0,48.8562650680542
643.5,48.88692665100098
644.0,48.90231418609619
644.5,48.92402935028076
645.0,48.934895515441895
645.5,48.94196796417236
646.0,48.957499504089355
646.5,48.972734451293945
647.0,48.98540210723877
647.5,48.98991394042969
648.0,48.99713611602783
648.5,49.001522064208984
649.0,49.0105504989624
649.5,49.0125036239624
650.0,49.015082359313965
650.5,49.03318119049072
651.0,49.03138732910156
651.5,49.045838356018066
652.0,49.047508239746094
652.5,49.06471633911133
653.0,49.070284843444824
653.5,49.07921886444092
654.0,49.09823226928711
654.5,49.108192443847656
655.0,49.12087440490723
655.5,49.119051933288574
656.0,49.140774726867676
656.5,49.15888977050781
657.0,49.17412090301514
657.5,49.186944007873535
658.0,49.19675540924072
658.5,49.22754192352295
659.0,49.24384307861328
659.5,49.25923252105713
660.0,49.254539489746094
660.5,49.26556205749512
661.0,49.28185558319092
661.5,49.29526615142822
662.0,49.309754371643066
662.5,49.327110290527344
663.0,49.34144401550293
663.5,49.34778022766113
664.0,49.37236022949219
664.5,49.389413833618164
665.0,49.40751838684082
665.5,49.42093372344971
666.0,49.43920612335205
666.5,49.45279598236084
667.0,49.46891498565674
667.5,49.48521327972412
668.0,49.505112648010254
668.5,49.526827812194824
669.0,49.538567543029785
669.5,49.54930114746094
670.0,49.55573654174805
670.5,49.573713302612305
671.0,49.58907699584961
671.5,49.60898780822754
672.0,49.64700794219971
672.5,49.65335273742676
673.0,49.670565605163574
673.5,49.695003509521484
674.0,49.71131134033203
674.5,49.73288631439209
675.0,49.745543479919434
675.5,49.75460910797119
676.0,49.76546096801758
676.5,49.776315689086914
677.0,49.78264236450195
677.5,49.78806495666504
678.0,49.81070423126221
678.5,49.8233757019043
679.0,49.83498477935791
679.5,49.851263999938965
680.0,49.86752128601074
680.5,49.877437591552734
681.0,49.89463996887207
681.5,49.90459156036377
682.0,49.906272888183594
682.5,49.91081142425537
683.0,49.91261672973633
683.5,49.906277656555176
684.0,49.90808963775635
684.5,49.91153049468994
685.0,49.91878890991211
685.5,49.92799663543701
686.0,49.93325710296631
686.5,49.93778896331787
687.0,49.94411659240723
687.5,49.95314884185791
688.0,49.963871002197266
688.5,49.9801549911499
689.0,50.00277519226074
689.5,50.02992916107178
690.0,50.028133392333984
690.5,50.04247283935547
691.0,50.05257606506348
691.5,50.06161308288574
692.0,50.074156761169434
692.5,50.07687473297119
693.0,50.07596302032471
693.5,50.08122158050537
694.0,50.084991455078125
694.5,50.09571552276611
695.0,50.096604347229004
695.5,50.107452392578125
696.0,50.11650848388672
696.5,50.118181228637695
697.0,50.10733127593994
697.5,50.10283374786377
698.0,50.10286521911621
698.5,50.10812950134277
699.0,50.119001388549805
699.5,50.11812686920166
700.0,50.12719535827637
700.5,50.13264751434326
701.0,50.142642974853516
701.5,50.140732765197754
702.0,50.14254665374756
702.5,50.150689125061035
703.0,50.155216217041016
703.5,50.148865699768066
704.0,50.13709545135498
704.5,50.136046409606934
705.0,50.149789810180664
705.5,50.14513301849365
706.0,50.14424991607666
706.5,50.13973331451416
707.0,50.13160228729248
707.5,50.12332630157471
708.0,50.12438678741455
708.5,50.117143630981445
709.0,50.116108894348145
709.5,50.11884021759033
710.0,50.10437488555908
710.5,50.10622310638428
711.0,50.09809970855713
711.5,50.084402084350586
712.0,50.076416015625
712.5,50.07987976074219
713.0,50.086215019226074
713.5,50.08531188964844
714.0,50.07789421081543
714.5,50.07065296173096
715.0,50.07155418395996
715.5,50.05344867706299
716.0,50.03262138366699
716.5,50.018134117126465
717.0,50.00806522369385
717.5,49.99552631378174
718.0,49.98277473449707
718.5,49.96652317047119
719.0,49.95297431945801
719.5,49.939430236816406
720.0,49.92660140991211
720.5,49.90322780609131
721.0,49.8787841796875
721.5,49.86323928833008
722.0,49.83519744873047
722.5,49.81709098815918
723.0,49.79899024963379
723.5,49.777119636535645
724.0,49.75918197631836
724.5,49.749098777770996
725.0,49.742780685424805
725.5,49.742812156677246
726.0,49.74012756347656
726.5,49.73833084106445
727.0,49.74362373352051
727.5,49.727325439453125
728.0,49.729135513305664
728.5,49.720096588134766
729.0,49.71738624572754
729.5,49.70365810394287
730.0,49.709110260009766
730.5,49.70639419555664
731.0,49.711846351623535
731.5,49.71093559265137
732.0,49.71185302734375
732.5,49.701910972595215
733.0,49.6918306350708
733.5,49.68533802032471
734.0,49.67460632324219
734.5,49.65739631652832
735.0,49.633849143981934
735.5,49.61287498474121
736.0,49.59671211242676
736.5,49.5856819152832
737.0,49.583861351013184
737.5,49.5702600479126
738.0,49.55847454071045
738.5,49.53116321563721
739.0,49.527536392211914
739.5,49.51317310333252
740.0,49.5038366317749
740.5,49.496596336364746
741.0,49.4813756942749
741.5,49.47667217254639
742.0,49.44770050048828
742.5,49.43500804901123
743.0,49.42035102844238
743.5,49.405131340026855
744.0,49.380659103393555
744.5,49.34988498687744
745.0,49.32707977294922
745.5,49.299906730651855
746.0,49.28359889984131
746.5,49.26186656951904
747.0,49.246338844299316
747.5,49.222941398620605
748.0,49.212846755981445
748.5,49.198344230651855
749.0,49.17842388153076
749.5,49.156676292419434
750.0,49.136640548706055
750.5,49.11489963531494
751.0,49.099507331848145
751.5,49.07505798339844
752.0,49.07143497467041
752.5,49.066922187805176
753.0,49.06513214111328
753.5,49.06967544555664
754.0,49.075133323669434
754.5,49.06955814361572
755.0,49.07244396209717
755.5,49.06958484649658
756.0,49.05691623687744
756.5,49.047865867614746
757.0,49.040632247924805
757.5,49.02614402770996
758.0,48.999741554260254
758.5,48.97710132598877
759.0,48.960007667541504
759.5,48.9290828704834
760.0,48.90100574493408
760.5,48.864792823791504
761.0,48.84397888183594
761.5,48.821340560913086
762.0,48.8104829788208
762.5,48.797810554504395
763.0,48.78586387634277
763.5,48.77952003479004
764.0,48.76230430603027
764.5,48.73693370819092
765.0,48.71518135070801
765.5,48.70340633392334
766.0,48.69600963592529
766.5,48.684234619140625
767.0,48.68348217010498
767.5,48.679856300354004
768.0,48.67155456542969
768.5,48.66535663604736
769.0,48.64619731903076
769.5,48.633503913879395
770.0,48.62082767486572
770.5,48.60451698303223
771.0,48.574636459350586
771.5,48.55741882324219
772.0,48.54115295410156
772.5,48.53387928009033
773.0,48.523006439208984
773.5,48.5048828125
774.0,48.496596336364746
774.5,48.48133850097656
775.0,48.46489429473877
775.5,48.44239616394043
776.0,48.43773365020752
776.5,48.43683624267578
777.0,48.43048667907715
777.5,48.419644355773926
778.0,48.41964054107666
778.5,48.41058540344238
779.0,48.397783279418945
779.5,48.389760971069336
780.0,48.38523197174072
780.5,48.386921882629395
781.0,48.38071346282959
781.5,48.36156177520752
782.0,48.35263252258301
782.5,48.34798336029053
783.0,48.33816719055176
783.5,48.331703186035156
784.0,48.32356357574463
784.5,48.31179428100586
785.0,48.30093765258789
785.5,48.295536041259766
786.0,48.28287696838379
786.5,48.27111625671387
787.0,48.26659107208252
787.5,48.25756072998047
788.0,48.24218940734863
788.5,48.22861194610596
789.0,48.22047996520996
789.5,48.210524559020996
790.0,48.18789863586426
790.5,48.17415237426758
791.0,48.14969825744629
791.5,48.12720012664795
792.0,48.10729122161865
792.5,48.09174060821533
793.0,48.083587646484375
793.5,48.07740879058838
794.0,48.060951232910156
794.5,48.05475902557373
795.0,48.04025650024414
795.5,48.02832508087158
796.0,48.009446144104004
796.5,47.99222373962402
797.0,47.97575759887695
797.5,47.96322250366211
798.0,47.95491027832031
798.5,47.94221878051758
799.0,47.92862415313721
799.5,47.920620918273926
800.0,47.89689922332764
800.5,47.8642692565918
801.0,47.84901523590088
801.5,47.83889198303223
802.0,47.830732345581055
802.5,47.8162317276001
803.0,47.800822257995605
803.5,47.78903865814209
804.0,47.78360080718994
804.5,47.7754430770874
805.0,47.77453804016113
805.5,47.78073310852051
806.0,47.77181816101074
806.5,47.7509708404541
807.0,47.7391881942749
807.5,47.726497650146484
808.0,47.707462310791016
808.5,47.692054748535156
809.0,47.67573833465576
809.5,47.663954734802246
810.0,47.65126609802246
810.5,47.632083892822266
811.0,47.61591720581055
811.5,47.611239433288574
812.0,47.597787857055664
812.5,47.59597682952881
813.0,47.59053897857666
813.5,47.582231521606445
814.0,47.576942443847656
814.5,47.57694149017334
815.0,47.584044456481934
815.5,47.576942443847656
816.0,47.576942443847656
816.5,47.578755378723145
817.0,47.57694339752197
817.5,47.57316875457764
818.0,47.57784938812256
818.5,47.58313846588135
819.0,47.58857822418213
819.5,47.60036087036133
820.0,47.597641944885254
820.5,47.59945487976074
821.0,47.6021728515625
821.5,47.59869575500488
822.0,47.60126495361328
822.5,47.602173805236816
823.0,47.610331535339355
823.5,47.62392807006836
824.0,47.62845706939697
824.5,47.63389873504639
825.0,47.633896827697754
825.5,47.63644599914551
826.0,47.638428688049316
826.5,47.640976905822754
827.0,47.656556129455566
827.5,47.655479431152344
828.0,47.65202522277832
828.5,47.65366744995117
829.0,47.6509485244751
829.5,47.65094757080078
830.0,47.658371925354004
830.5,47.66743469238281
831.0,47.67559242248535
831.5,47.68629837036133
832.0,47.68267059326172
832.5,47.68357753753662
833.0,47.687204360961914
833.5,47.69264221191406
834.0,47.697174072265625
834.5,47.706236839294434
835.0,47.708956718444824
835.5,47.711676597595215
836.0,47.71892738342285
836.5,47.725271224975586
837.0,47.74147701263428
837.5,47.75507354736328
838.0,47.76323127746582
838.5,47.7623233795166
839.0,47.760512351989746
839.5,47.76595115661621
840.0,47.75688552856445
840.5,47.758697509765625
841.0,47.75960636138916
841.5,47.772125244140625
842.0,47.778615951538086
842.5,47.78495216369629
843.0,47.78767108917236
843.5,47.803972244262695
844.0,47.8128719329834
844.5,47.82373523712158
845.0,47.82644176483154
845.5,47.82734298706055
846.0,47.82280254364014
846.5,47.82732582092285
847.0,47.83727550506592
847.5,47.849945068359375
848.0,47.86896324157715
848.5,47.87620162963867
849.0,47.890708923339844
849.5,47.909725189208984
850.0,47.923316955566406
850.5,47.950483322143555
851.0,47.97402095794678
851.5,47.99485492706299
852.0,47.99938774108887
852.5,48.00378227233887
853.0,48.01011371612549
853.5,48.02460765838623
854.0,48.0318717956543
854.5,48.05270957946777
855.0,48.06991481781006
