Time,Temp1,Volt,Temp2,Temp3,Room_Temp,Integral_Value
0.0,44.126068115234375,70,40.34820556640625,39.194976806640625,22.33158302307129,702.9369659423828
0.5,44.11156463623047,70,40.35183334350586,39.220481872558594,22.33158302307129,705.8811836242676
1.0,44.09343719482422,70,40.344581604003906,39.21319580078125,22.33158302307129,708.8344650268555
1.5,44.089813232421875,70,40.333702087402344,39.224124908447266,22.33894157409668,711.7895584106445
2.0,44.10053634643555,70,40.34080505371094,39.20940017700195,22.33510971069336,714.7392902374268
2.5,44.08256149291992,70,40.326454162597656,39.16218948364258,22.3242244720459,717.6980094909668
3.0,44.067909240722656,70,40.32630157470703,39.15475082397461,22.32039451599121,720.6640548706055
3.5,44.075157165527344,70,40.30817413330078,39.15475082397461,22.313034057617188,723.6264762878418
4.0,44.0969123840332,62.58,40.26829147338867,39.17296600341797,22.324071884155273,726.5780200958252
4.5,44.11866760253906,62.43,40.25379180908203,39.17296600341797,22.324071884155273,729.5186862945557
5.0,44.12941360473633,70,40.217403411865234,39.187408447265625,22.32025909423828,732.4539794921875
5.5,44.12591552734375,70,40.203033447265625,39.23126220703125,22.316713333129883,735.3910217285156
6.0,44.143917083740234,65.12,40.184776306152344,39.209266662597656,22.31658172607422,738.3190631866455
6.5,44.144046783447266,70,40.18852996826172,39.19847106933594,22.313034057617188,741.2470397949219
7.0,44.136661529541016,70,40.184776306152344,39.187408447265625,22.32025909423828,744.1787090301514
7.5,44.13304138183594,70,40.17389678955078,39.17283630371094,22.31658172607422,747.1121883392334
8.0,44.16929626464844,51.9,40.18840026855469,39.161903381347656,22.327617645263672,750.0275402069092
8.5,44.176544189453125,70,40.19202423095703,39.187408447265625,22.327617645263672,752.9392681121826
9.0,44.180171966552734,70,40.16664505004883,39.23112869262695,22.323938369750977,755.8491821289062
9.5,44.2017936706543,62.41,40.1665153503418,39.22735595703125,22.323806762695312,758.7482852935791
10.0,44.21992111206055,64.84,40.19189453125,39.2601432800293,22.327486038208008,761.6383247375488
10.5,44.234256744384766,67.52,40.177223205566406,39.25633239746094,22.316274642944336,764.5211963653564
11.0,44.2525520324707,64.53,40.19914627075195,39.22735595703125,22.316448211669922,767.3949203491211
11.5,44.27413558959961,61.99,40.20260238647461,39.234474182128906,22.32363510131836,770.2578525543213
12.0,44.31039047241211,51.04,40.20622634887695,39.270904541015625,22.319955825805664,773.1026573181152
12.5,44.328521728515625,64.08,40.21348190307617,39.318267822265625,22.319955825805664,775.9383964538574
13.0,44.33576965332031,70,40.195350646972656,39.347415924072266,22.316274642944336,778.7705116271973
13.5,44.35737228393555,61.41,40.21695327758789,39.39826965332031,22.312440872192383,781.5918254852295
14.0,44.35027313232422,70,40.24973678588867,39.412994384765625,22.30523681640625,784.4166889190674
14.5,44.36115264892578,69.3,40.28961944580078,39.44578170776367,22.31259536743164,787.2361125946045
15.0,44.36099624633789,70,40.31846618652344,39.47842025756836,22.334518432617188,790.0556144714355
15.5,44.379127502441406,63.99,40.361976623535156,39.52214050292969,22.341876983642578,792.8660507202148
16.0,44.3900032043457,69.22,40.39460372924805,39.518497467041016,22.3234806060791,795.671049118042
16.5,44.37897491455078,70,40.408958435058594,39.52927780151367,22.31964874267578,798.4815616607666
17.0,44.37897491455078,70,40.38720703125,39.59485626220703,22.31229019165039,801.2920742034912
17.5,44.404502868652344,58.64,40.401859283447266,39.64601135253906,22.31612205505371,804.089822769165
18.0,44.40813064575195,70,40.46349334716797,39.66787338256836,22.312440872192383,806.8857574462891
18.5,44.404502868652344,70,40.510623931884766,39.68608856201172,22.297725677490234,809.6835060119629
19.0,44.41523361206055,69.49,40.55398178100586,39.70051193237305,22.304931640625,812.4758892059326
19.5,44.4224853515625,70,40.57573699951172,39.70051193237305,22.304931640625,815.2646465301514
20.0,44.498619079589844,21.29,40.61924362182617,39.65315246582031,22.301252365112305,818.0153369903564
20.5,44.4841194152832,70,40.63374710083008,39.565711975097656,22.29757308959961,820.7732772827148
21.0,44.484004974365234,70,40.62637710571289,39.54009246826172,22.293779373168945,823.5312747955322
21.5,44.46599197387695,70,40.65912628173828,39.56206512451172,22.293893814086914,826.2982788085938
22.0,44.458740234375,70,40.69538116455078,39.58757019042969,22.29757308959961,829.0689086914062
22.5,44.49125671386719,53.38,40.71339416503906,39.60931396484375,22.308496475219727,831.8232803344727
23.0,44.48762893676758,70,40.753273010253906,39.61295700073242,22.308496475219727,834.5794658660889
23.5,44.50938034057617,61.15,40.80403518676758,39.60931396484375,22.315855026245117,837.3247756958008
24.0,44.52388381958008,66.33,40.84391403198242,39.59474182128906,22.319534301757812,840.0628337860107
24.5,44.52373504638672,70,40.87639617919922,39.587303161621094,22.315702438354492,842.8009662628174
25.0,44.54549026489258,60.98,40.90177536010742,39.616451263427734,22.32674217224121,845.5282211303711
25.5,44.55289077758789,70,40.923675537109375,39.60931396484375,22.323213577270508,848.2517757415771
26.0,44.55998992919922,70,40.927154541015625,39.60552215576172,22.319381713867188,850.9717807769775
26.5,44.578121185302734,63.48,40.909027099609375,39.587303161621094,22.300987243652344,853.6827201843262
27.0,44.58899688720703,68.71,40.90540313720703,39.569087982177734,22.297306060791016,856.3882217407227
27.5,44.62887954711914,47.31,40.95253372192383,39.55451583862305,22.304664611816406,859.0737819671631
28.0,44.654258728027344,57.64,40.99604034423828,39.521728515625,22.300987243652344,861.7466526031494
28.5,44.66496276855469,68.26,41.00312042236328,39.528839111328125,22.293455123901367,864.4141712188721
29.0,44.672386169433594,70,41.0504264831543,39.521728515625,22.29362678527832,867.0779781341553
29.5,44.6685905456543,70,41.119140625,39.57255935668945,22.286096572875977,869.7436828613281
30.0,44.66513442993164,70,41.097557067871094,39.58001708984375,22.282588958740234,872.4111156463623
30.5,44.675838470458984,68.41,41.09738540649414,39.52155303955078,22.28241729736328,875.0731964111328
31.0,44.66876220703125,70,41.10480880737305,39.521728515625,22.300987243652344,877.7388153076172
31.5,44.6685905456543,70,41.122764587402344,39.554344177246094,22.30817222595215,880.40452003479
32.0,44.6939697265625,57.77,41.122764587402344,39.55070114135742,22.30817222595215,883.0575351715088
32.5,44.71209716796875,62.92,41.14089584350586,39.554344177246094,22.311851501464844,885.7014865875244
33.0,44.73747253417969,57.46,41.122764587402344,39.517913818359375,22.30817222595215,888.3327503204346
33.5,44.74835205078125,67.94,41.119140625,39.51426696777344,22.31553077697754,890.958574295044
34.0,44.75910186767578,67.99,41.119014739990234,39.4886360168457,22.32643699645996,893.579023361206
34.5,44.7773551940918,62.42,41.115516662597656,39.47054672241211,22.337608337402344,896.1903457641602
35.0,44.802608489990234,57.15,41.173397064208984,39.45948791503906,22.33379364013672,898.789041519165
35.5,44.80986022949219,70,41.21690368652344,39.42305374145508,22.330116271972656,901.384111404419
36.0,44.82435989379883,64.86,41.26041030883789,39.40848159790039,22.322757720947266,903.9719314575195
36.5,44.83523941040039,67.45,41.285789489746094,39.40119552612305,22.32643699645996,906.5543117523193
37.0,44.84611511230469,67.4,41.3365478515625,39.397552490234375,22.31907844543457,909.131254196167
37.5,44.85336685180664,70,41.40180587768555,39.43034362792969,22.322757720947266,911.7045707702637
38.0,44.85336685180664,70,41.45981979370117,39.45948791503906,22.322757720947266,914.2778873443604
38.5,44.8604621887207,70,41.503170013427734,39.499412536621094,22.318923950195312,916.84765625
39.0,44.87149429321289,67.29,41.557708740234375,39.54328536987305,22.32643699645996,919.4119091033936
39.5,44.90412521362305,51.34,41.60484313964844,39.62343978881836,22.322757720947266,921.959846496582
40.0,44.91484832763672,67.2,41.66994857788086,39.6670036315918,22.329959869384766,924.5024223327637
40.5,44.90034484863281,70,41.720706939697266,39.71800994873047,22.333641052246094,927.0522499084473
41.0,44.90034484863281,70,41.778717041015625,39.74351119995117,22.340999603271484,929.6020774841309
41.5,44.91122055053711,67.31,41.80772018432617,39.77630615234375,22.34467887878418,932.1464672088623
42.0,44.91122055053711,70,41.86573028564453,39.81273651123047,22.35203742980957,934.6908569335938
42.5,44.922096252441406,67.33,41.905609130859375,39.81273651123047,22.35203742980957,937.229808807373
43.0,44.932861328125,67.36,41.91999816894531,39.841766357421875,22.351924896240234,939.7633781433105
43.5,44.93297576904297,70,41.927364349365234,39.86374282836914,22.348356246948242,942.2968902587891
44.0,44.932861328125,70,41.95988082885742,39.961997985839844,22.351924896240234,944.8304595947266
44.5,44.94374084472656,67.36,41.99613952636719,40.04194641113281,22.348243713378906,947.3585891723633
45.0,44.947364807128906,70,42.061397552490234,40.09633255004883,22.351924896240234,949.8849067687988
45.5,44.94374084472656,70,42.119407653808594,40.14708709716797,22.359281539916992,952.4130363464355
46.0,44.96186828613281,62.1,42.1339111328125,40.18334197998047,22.348243713378906,954.9321022033691
46.5,44.95835494995117,70,42.159400939941406,40.19070816040039,22.34467887878418,957.4529247283936
47.0,44.9691162109375,67.5,42.1592903137207,40.17609405517578,22.34456443786621,959.9683666229248
47.5,45.005374908447266,48.68,42.1955451965332,40.12895965576172,22.355602264404297,962.4656791687012
48.0,45.03437805175781,53.72,42.19916915893555,40.11083221435547,22.359281539916992,964.9484901428223
48.5,45.06700897216797,50.81,42.239051818847656,40.107208251953125,22.355602264404297,967.4149856567383
49.0,45.0994873046875,50.65,42.264278411865234,40.06717300415039,22.34809112548828,969.8652420043945
49.5,45.12864303588867,52.83,42.311561584472656,40.04194641113281,22.359281539916992,972.3009204864502
50.0,45.154022216796875,55.37,42.34419250488281,40.05282211303711,22.351924896240234,974.7239093780518
50.5,45.284393310546875,0,42.38029861450195,40.016414642333984,22.377525329589844,977.0817127227783
51.0,45.211883544921875,70,42.423805236816406,40.00553894042969,22.38120460510254,979.4757709503174
51.5,45.22275924682617,65.38,42.405677795410156,39.96913146972656,22.366487503051758,981.8643913269043
52.0,45.23726272583008,62.66,42.43105697631836,39.932701110839844,22.359128952026367,984.2457599639893
52.5,45.25539016723633,59.9,42.44193649291992,39.87440872192383,22.359128952026367,986.6180648803711
53.0,45.266265869140625,65.11,42.463687896728516,39.86347961425781,22.359128952026367,988.9849319458008
53.5,45.258846282958984,70,42.459896087646484,39.903385162353516,22.36263656616211,991.3555088043213
54.0,45.28076934814453,57.06,42.47093963623047,39.92177200317383,22.362808227539062,993.715124130249
54.5,45.29527282714844,62.36,42.47456359863281,39.936344146728516,22.359128952026367,996.0674877166748
55.0,45.31340026855469,59.6,42.47093963623047,39.99099349975586,22.362808227539062,998.4107875823975
55.5,45.331356048583984,59.6,42.474395751953125,40.041629791259766,22.35527801513672,1000.7451095581055
56.0,45.363990783691406,48.67,42.474395751953125,40.06338119506836,22.358957290649414,1003.0631141662598
56.5,45.371238708496094,67.09,42.46714401245117,40.041629791259766,22.35527801513672,1005.3774948120117
57.0,45.37849426269531,67.06,42.48527145385742,40.03437423706055,22.36263656616211,1007.6882476806641
57.5,45.3748664855957,70,42.510650634765625,40.019874572753906,22.381032943725586,1010.0008144378662
58.0,45.38936996459961,61.81,42.532405853271484,40.01625061035156,22.381032943725586,1012.3061294555664
58.5,45.418373107910156,51.04,42.568660736083984,39.97624969482422,22.395750045776367,1014.5969429016113
59.0,45.4219970703125,69.49,42.583160400390625,39.97260665893555,22.388391494750977,1016.8859443664551
59.5,45.436500549316406,61.5,42.61941909790039,39.98353576660156,22.388391494750977,1019.1676940917969
60.0,45.45100402832031,61.41,42.626670837402344,39.9871826171875,22.388391494750977,1021.4421920776367
60.5,45.46897888183594,58.76,42.65552520751953,40.030601501464844,22.39192008972168,1023.7077026367188
61.0,45.479854583740234,63.86,42.662776947021484,40.045101165771484,22.402957916259766,1025.9677753448486
61.5,45.49798583984375,58.46,42.677276611328125,40.09223556518555,22.410316467285156,1028.2187824249268
62.0,45.5269889831543,50.33,42.71353530883789,40.139366149902344,22.395599365234375,1030.4552879333496
62.5,45.53786849975586,63.43,42.699031829833984,40.12849044799805,22.39192008972168,1032.6863536834717
63.0,45.548744201660156,63.38,42.680904388427734,40.09585952758789,22.377201080322266,1034.9119815826416
63.5,45.54148864746094,70,42.67002868652344,40.05598068237305,22.369842529296875,1037.1412372589111
64.0,45.55961990356445,58.11,42.695404052734375,40.04147720336914,22.369842529296875,1039.361427307129
64.5,45.58137130737305,55.32,42.699031829833984,40.026973724365234,22.366165161132812,1041.5707416534424
65.0,45.59950256347656,57.82,42.695404052734375,40.01609802246094,22.377201080322266,1043.770990371704
65.5,45.62850570678711,49.68,42.702659606933594,40.023345947265625,22.377201080322266,1045.9567375183105
66.0,45.6502571105957,54.78,42.680904388427734,40.05598068237305,22.362483978271484,1048.1316089630127
66.5,45.65388488769531,67.95,42.695404052734375,40.09585952758789,22.373523712158203,1050.304666519165
67.0,45.66476058959961,62.64,42.69178009033203,40.09585952758789,22.373523712158203,1052.4722862243652
67.5,45.69001007080078,52.0,42.706153869628906,40.146488189697266,22.373388290405273,1054.6272811889648
68.0,45.70101547241211,62.28,42.695404052734375,40.1973762512207,22.35880470275879,1056.7767734527588
68.5,45.70813751220703,65.08,42.7279052734375,40.25163269042969,22.362350463867188,1058.9227046966553
69.0,45.719017028808594,62.29,42.74966049194336,40.298763275146484,22.358671188354492,1061.063196182251
69.5,45.733516693115234,59.57,42.72065353393555,40.353145599365234,22.362350463867188,1063.1964378356934
70.0,45.74439239501953,62.14,42.742408752441406,40.37852478027344,22.354991912841797,1065.3242416381836
70.5,45.7442626953125,70,42.78578567504883,40.41102600097656,22.351179122924805,1067.4521102905273
71.0,45.72989273071289,70,42.833045959472656,40.458290100097656,22.3513126373291,1069.587163925171
71.5,45.719017028808594,70,42.84754943847656,40.46916580200195,22.354991912841797,1071.7276554107666
72.0,45.697261810302734,70,42.85117721557617,40.4619140625,22.347633361816406,1073.8790245056152
72.5,45.71163558959961,60.21,42.90180587768555,40.512542724609375,22.354860305786133,1076.0232067108154
73.0,45.6971321105957,70,42.94168472290039,40.57780075073242,22.36589813232422,1078.1746406555176
73.5,45.70438003540039,65.56,42.985191345214844,40.624935150146484,22.347501754760742,1080.3224506378174
74.0,45.722511291503906,57.53,43.0069465637207,40.64668655395508,22.347501754760742,1082.4611949920654
74.5,45.722511291503906,70,43.0286979675293,40.61768341064453,22.347501754760742,1084.5999393463135
75.0,45.729759216308594,65.46,43.039573669433594,40.63943862915039,22.358539581298828,1086.7350597381592
75.5,45.74789047241211,57.43,43.08308410644531,40.6539421081543,22.351179122924805,1088.8611145019531
76.0,45.77326583862305,51.96,43.108463287353516,40.63218307495117,22.362218856811523,1090.9744815826416
76.5,45.795021057128906,54.42,43.13021469116211,40.64668655395508,22.362218856811523,1093.0769710540771
77.0,45.82765197753906,46.25,43.15559387207031,40.682945251464844,22.369577407836914,1095.1631450653076
77.5,45.85650634765625,48.75,43.169944763183594,40.66103744506836,22.365745544433594,1097.2348918914795
78.0,45.87478256225586,56.29,43.15559387207031,40.66844177246094,22.36589813232422,1099.2975006103516
78.5,45.90363693237305,48.37,43.180824279785156,40.621158599853516,22.362064361572266,1101.345682144165
79.0,45.914512634277344,61.36,43.1735725402832,40.57040023803711,22.365745544433594,1103.3884258270264
79.5,45.95092010498047,42.5,43.17372131347656,40.55242156982422,22.36589813232422,1105.4129657745361
80.0,45.961647033691406,61.09,43.19894790649414,40.49063491821289,22.362064361572266,1107.4321422576904
80.5,45.98702621459961,50.24,43.220703125,40.45438003540039,22.369422912597656,1109.4386291503906
81.0,45.979774475097656,70,43.289588928222656,40.443504333496094,22.37678337097168,1111.4487419128418
81.5,45.961647033691406,70,43.293216705322266,40.45075607299805,22.37678337097168,1113.467918395996
82.0,45.97615051269531,58.4,43.311344146728516,40.41087341308594,22.38414192199707,1115.4798431396484
82.5,45.9833984375,63.64,43.333099365234375,40.37461853027344,22.37678337097168,1117.4881439208984
83.0,45.987178802490234,66.17,43.32962417602539,40.34576416015625,22.369577407836914,1119.4945545196533
83.5,46.01240539550781,50.4,43.347599029541016,40.331111907958984,22.37310218811035,1121.4883518218994
84.0,46.074039459228516,23.38,43.39110565185547,40.273101806640625,22.365745544433594,1123.4513320922852
84.5,46.074039459228516,68.18,43.427364349365234,40.276729583740234,22.38414192199707,1125.414312362671
85.0,46.07041549682617,70,43.43824005126953,40.30210876464844,22.380460739135742,1127.3791046142578
85.5,46.06679153442383,70,43.45274353027344,40.345611572265625,22.387821197509766,1129.345708847046
86.0,46.063316345214844,70,43.474647521972656,40.35663986206055,22.399011611938477,1131.3140506744385
86.5,46.07041549682617,63.26,43.43098831176758,40.37824249267578,22.413576126098633,1133.2788429260254
87.0,46.10304641723633,44.44,43.41648864746094,40.36011505126953,22.417255401611328,1135.2273197174072
87.5,46.117549896240234,57.5,43.43824005126953,40.370994567871094,22.435649871826172,1137.168544769287
88.0,46.14655303955078,46.73,43.467247009277344,40.385494232177734,22.44668960571289,1139.0952682495117
88.5,46.150177001953125,65.16,43.48537063598633,40.41449737548828,22.443010330200195,1141.0201797485352
89.0,46.14292526245117,70,43.52525329589844,40.4833869934082,22.45404815673828,1142.9487171173096
89.5,46.132049560546875,70,43.54338073730469,40.563148498535156,22.461406707763672,1144.8826923370361
90.0,46.12842559814453,70,43.55063247680664,40.61390686035156,22.457727432250977,1146.8184795379639
90.5,46.113922119140625,70,43.576011657714844,40.66103744506836,22.457727432250977,1148.7615184783936
91.0,46.12842559814453,57.73,43.61589050292969,40.737178802490234,22.45404815673828,1150.6973056793213
91.5,46.12117385864258,70,43.608642578125,40.76618194580078,22.457727432250977,1152.63671875
92.0,46.132049560546875,60.42,43.61589050292969,40.78068542480469,22.44668960571289,1154.5706939697266
92.5,46.150177001953125,55.02,43.630393981933594,40.78793716430664,22.443010330200195,1156.49560546875
93.0,46.16468048095703,57.55,43.66302490234375,40.809688568115234,22.4393310546875,1158.4132652282715
93.5,46.17540740966797,60.23,43.69187927246094,40.75878143310547,22.413421630859375,1160.3255615234375
94.0,46.182655334472656,62.73,43.724510192871094,40.747901916503906,22.413421630859375,1162.2342338562012
94.5,46.204559326171875,51.91,43.750038146972656,40.72629928588867,22.417255401611328,1164.1319541931152
95.0,46.23356628417969,46.51,43.77904510498047,40.66829299926758,22.42829132080078,1166.0151710510254
95.5,46.2371940612793,64.94,43.793548583984375,40.70092010498047,22.413576126098633,1167.8965740203857
96.0,46.218910217285156,70,43.79702377319336,40.73702621459961,22.413421630859375,1169.7871189117432
96.5,46.218910217285156,67.86,43.771644592285156,40.766029357910156,22.40238380432129,1171.6776638031006
97.0,46.21906280517578,67.79,43.771793365478516,40.77705764770508,22.409894943237305,1173.5681324005127
97.5,46.208187103271484,70,43.789920806884766,40.79881286621094,22.406217575073242,1175.464038848877
98.0,46.19368362426758,70,43.81892776489258,40.82781982421875,22.409894943237305,1177.3671970367432
98.5,46.19368362426758,68.31,43.833431243896484,40.82056427001953,22.402538299560547,1179.2703552246094
99.0,46.19715881347656,65.8,43.862281799316406,40.77328109741211,22.398706436157227,1181.171775817871
99.5,46.211814880371094,57.58,43.869686126708984,40.806060791015625,22.39885711669922,1183.0658683776855
100.0,46.226165771484375,57.7,43.90941619873047,40.820411682128906,22.398706436157227,1184.9527854919434
100.5,46.248069763183594,52.04,43.89143753051758,40.809688568115234,22.391498565673828,1186.8287506103516
101.0,46.24791717529297,68.1,43.84052658081055,40.824039459228516,22.383987426757812,1188.704792022705
101.5,46.25516891479492,62.7,43.82240295410156,40.867549896240234,22.398706436157227,1190.5772075653076
102.0,46.2734489440918,54.55,43.829803466796875,40.914833068847656,22.391498565673828,1192.4404830932617
102.5,46.29157638549805,54.52,43.86243438720703,40.9655876159668,22.391498565673828,1194.2946949005127
103.0,46.302452087402344,59.72,43.884185791015625,41.03084945678711,22.395179748535156,1196.1434688568115
103.5,46.32783126831055,48.98,43.88056182861328,41.07435607910156,22.406217575073242,1197.9795532226562
104.0,46.349586486816406,51.44,43.91681671142578,41.06710433959961,22.409894943237305,1199.804759979248
104.5,46.3604621887207,59.27,43.94944763183594,41.0272216796875,22.420934677124023,1201.6245288848877
105.0,46.367713928222656,61.87,43.97482681274414,41.0526008605957,22.417255401611328,1203.4406719207764
105.5,46.374961853027344,61.84,44.01108169555664,41.009098052978516,22.420934677124023,1205.2531909942627
106.0,46.39309310913086,53.8,44.036460876464844,40.99459457397461,22.42461395263672,1207.0566444396973
106.5,46.40034103393555,61.68,44.04008865356445,40.97283935546875,22.417255401611328,1208.8564739227295
107.0,46.403968811035156,64.31,44.0437126159668,40.93658447265625,22.413576126098633,1210.654489517212
107.5,46.41122055053711,61.65,44.05821228027344,40.9293327331543,22.413576126098633,1212.4488792419434
108.0,46.42572021484375,56.29,44.090843200683594,40.95833969116211,22.417255401611328,1214.2360191345215
108.5,46.443851470947266,53.51,44.090843200683594,40.9800910949707,22.402538299560547,1216.0140933990479
109.0,46.450950622558594,61.49,44.07619094848633,41.00894546508789,22.40238380432129,1217.7886180877686
109.5,46.45835494995117,61.24,44.069091796875,40.99821853637695,22.402538299560547,1219.559440612793
110.0,46.44732666015625,70,44.08344268798828,41.0234489440918,22.40238380432129,1221.3357772827148
110.5,46.46560287475586,53.36,44.0799674987793,41.01272201538086,22.395179748535156,1223.102975845337
111.0,46.4654541015625,66.78,44.10519790649414,40.998069763183594,22.383987426757812,1224.8702487945557
111.5,46.46560287475586,66.61,44.11259841918945,40.987342834472656,22.380460739135742,1226.6374473571777
112.0,46.47285461425781,61.42,44.13435363769531,40.976463317871094,22.369422912597656,1228.4010200500488
112.5,46.48735809326172,56.05,44.12347412109375,41.01997375488281,22.358386993408203,1230.157341003418
113.0,46.47995376586914,70,44.13782501220703,41.0379524230957,22.361913681030273,1231.9173641204834
113.5,46.476478576660156,69.3,44.127098083496094,41.09248352050781,22.362064361572266,1233.6791248321533
114.0,46.49098205566406,56.15,44.1053466796875,41.117862701416016,22.358386993408203,1235.4336338043213
114.5,46.49460983276367,64.05,44.0944709777832,41.12874221801758,22.362064361572266,1237.1863288879395
115.0,46.50548553466797,58.72,44.11259841918945,41.12874221801758,22.365745544433594,1238.9335861206055
115.5,46.50910949707031,63.99,44.1524772644043,41.16136932373047,22.369422912597656,1240.6790313720703
116.0,46.52723693847656,53.32,44.16335678100586,41.14324188232422,22.354705810546875,1242.415412902832
116.5,46.54536437988281,53.18,44.18148422241211,41.10698699951172,22.354705810546875,1244.1427307128906
117.0,46.534339904785156,70,44.184959411621094,41.11408615112305,22.358232498168945,1245.875560760498
117.5,46.51983642578125,70,44.19583511352539,41.157596588134766,22.34719467163086,1247.6156425476074
118.0,46.5270881652832,61.39,44.213966369628906,41.19747543334961,22.34719467163086,1249.3520984649658
118.5,46.54159164428711,56.02,44.24296951293945,41.172096252441406,22.332477569580078,1251.0813026428223
119.0,46.556095123291016,55.92,44.27560043334961,41.14309310913086,22.33983612060547,1252.8032550811768
119.5,46.58509826660156,45.14,44.268348693847656,41.16847229003906,22.336156845092773,1254.510705947876
120.0,46.610328674316406,47.66,44.27907180786133,41.17557144165039,22.339683532714844,1256.2055416107178
120.5,46.628604888916016,52.57,44.257469177246094,41.20109939575195,22.343517303466797,1257.8912391662598
121.0,46.62135314941406,70,44.268348693847656,41.18297576904297,22.328798294067383,1259.5805625915527
121.5,46.60322570800781,70,44.27197265625,41.16122055053711,22.325119018554688,1261.2789497375488
122.0,46.66123580932617,23.51,44.29010009765625,41.10321044921875,22.321439743041992,1262.9483318328857
122.5,46.67573547363281,55.0,44.286476135253906,41.08145523071289,22.310401916503906,1264.6104640960693
123.0,46.67211151123047,68.23,44.286476135253906,41.0597038269043,22.30672264099121,1266.274408340454
123.5,46.69023895263672,52.3,44.30097579956055,41.0597038269043,22.317760467529297,1267.9292888641357
124.0,46.67936325073242,70,44.286476135253906,41.04157638549805,22.310401916503906,1269.5896072387695
124.5,46.69386672973633,54.97,44.29372787475586,40.99081802368164,22.30672264099121,1271.2426738739014
125.0,46.70836639404297,54.87,44.28285217285156,40.95093536376953,22.288326263427734,1272.8884906768799
125.5,46.70111846923828,70,44.27922439575195,40.92918395996094,22.288326263427734,1274.5379314422607
126.0,46.70836639404297,60.22,44.31547927856445,40.94368362426758,22.280967712402344,1276.1837482452393
126.5,46.71199417114258,62.85,44.31547927856445,40.90742874145508,22.280967712402344,1277.827751159668
127.0,46.726497650146484,54.85,44.33723449707031,40.882049560546875,22.29200553894043,1279.4645023345947
127.5,46.719093322753906,70,44.369712829589844,40.86739730834961,22.291851043701172,1281.1049556732178
128.0,46.74462127685547,46.74,44.40974807739258,40.84941864013672,22.29200553894043,1282.73264503479
128.5,46.74809646606445,62.76,44.40234375,40.842018127441406,22.291851043701172,1284.3585968017578
129.0,46.74447250366211,67.99,44.39509201049805,40.85652160644531,22.28817367553711,1285.9863605499268
129.5,46.766380310058594,49.27,44.40612030029297,40.84941864013672,22.295684814453125,1287.6031703948975
130.0,46.78087615966797,54.54,44.40612030029297,40.89292907714844,22.29936408996582,1289.2127323150635
130.5,46.80625915527344,46.42,44.40612030029297,40.88567352294922,22.303043365478516,1290.8096027374268
131.0,46.809730529785156,62.33,44.416847229003906,40.8891487121582,22.306570053100586,1292.4047374725342
131.5,46.81351089477539,62.11,44.43149948120117,40.936431884765625,22.295684814453125,1293.9979820251465
132.0,46.82438659667969,56.89,44.44962692260742,40.98356628417969,22.295684814453125,1295.5857887268066
132.5,46.853240966796875,43.58,44.453102111816406,41.01966857910156,22.30289077758789,1297.1591682434082
133.0,46.875144958496094,48.44,44.45325469970703,41.0125732421875,22.30672264099121,1298.7215957641602
133.5,46.8896484375,53.7,44.46775436401367,41.04520034790039,22.303043365478516,1300.2767715454102
134.0,46.922279357910156,40.25,44.48950958251953,41.048828125,22.310401916503906,1301.815631866455
134.5,46.95127868652344,42.63,44.50763702392578,41.05607604980469,22.30672264099121,1303.3399925231934
135.0,46.97303771972656,47.7,44.511260986328125,41.0742073059082,22.310401916503906,1304.85347366333
135.5,46.99116134643555,50.19,44.52939224243164,41.063331604003906,22.29936408996582,1306.3578929901123
136.0,47.020015716552734,42.14,44.54374313354492,41.07768249511719,22.2955322265625,1307.847885131836
136.5,47.01654052734375,65.69,44.55839538574219,41.0959587097168,22.303043365478516,1309.339614868164
137.0,47.034671783447266,49.85,44.58015060424805,41.06695556640625,22.310401916503906,1310.8222789764404
137.5,47.03089141845703,65.84,44.63075637817383,41.11756134033203,22.332324981689453,1312.306833267212
138.0,47.049171447753906,49.67,44.659912109375,41.1104621887207,22.336156845092773,1313.782247543335
138.5,47.052799224853516,60.31,44.6345329284668,41.0959587097168,22.336156845092773,1315.2558479309082
139.0,47.052799224853516,62.98,44.63815689086914,41.13221740722656,22.34719467163086,1316.7294483184814
139.5,47.07455062866211,47.0,44.6707878112793,41.157596588134766,22.358232498168945,1318.1921730041504
140.0,47.089054107666016,52.15,44.67803955078125,41.15034103393555,22.35455322265625,1319.6476459503174
140.5,47.07455062866211,70,44.70341873168945,41.14309310913086,22.358232498168945,1321.1103706359863
141.0,47.085426330566406,54.9,44.717918395996094,41.106834411621094,22.365591049194336,1322.5676574707031
141.5,47.070926666259766,70,44.7432975769043,41.030696868896484,22.361913681030273,1324.0321941375732
142.0,47.07817840576172,57.68,44.7215461730957,40.97993850708008,22.34719467163086,1325.4931049346924
142.5,47.092681884765625,52.3,44.69979476928711,40.976314544677734,22.343517303466797,1326.9467639923096
143.0,47.10718536376953,52.19,44.68891525268555,40.961814880371094,22.336156845092773,1328.3931713104248
143.5,47.114585876464844,57.3,44.689064025878906,40.90757751464844,22.3363094329834,1329.8358783721924
144.0,47.13256072998047,49.48,44.6707878112793,40.860294342041016,22.332477569580078,1331.2695980072021
144.5,47.15068817138672,49.22,44.64903259277344,40.805912017822266,22.33983612060547,1332.6942539215088
145.0,47.146915435791016,65.19,44.63075637817383,40.776756286621094,22.332324981689453,1334.1207962036133
145.5,47.128936767578125,70,44.65628433227539,40.78053283691406,22.325119018554688,1335.5563278198242
146.0,47.125308990478516,65.38,44.6236572265625,40.787784576416016,22.325119018554688,1336.993673324585
146.5,47.128936767578125,60.11,44.591026306152344,40.83129119873047,22.325119018554688,1338.429204940796
147.0,47.10355758666992,70,44.58015060424805,40.860294342041016,22.343517303466797,1339.877426147461
147.5,47.085426330566406,70,44.58015060424805,40.882049560546875,22.336156845092773,1341.3347129821777
148.0,47.085426330566406,63.3,44.554771423339844,40.90742874145508,22.332477569580078,1342.7919998168945
148.5,47.07455062866211,70,44.554771423339844,40.94368362426758,22.336156845092773,1344.2547245025635
149.0,47.04554748535156,70,44.55839538574219,40.89292907714844,22.325119018554688,1345.7319507598877
149.5,47.052799224853516,58.48,44.56564712524414,40.84941864013672,22.328798294067383,1347.205551147461
150.0,47.07455062866211,47.76,44.59465026855469,40.81679153442383,22.325119018554688,1348.6682758331299
150.5,47.10355758666992,42.24,44.56927490234375,40.824039459228516,22.328798294067383,1350.116497039795
151.0,47.110958099365234,57.88,44.55854415893555,40.82781982421875,22.332630157470703,1351.5610179901123
151.5,47.128936767578125,50.06,44.554771423339844,40.81316375732422,22.336156845092773,1352.9965496063232
152.0,47.125308990478516,65.82,44.58015060424805,40.820411682128906,22.332477569580078,1354.433895111084
152.5,47.121681213378906,65.89,44.587398529052734,40.845794677734375,22.332477569580078,1355.8730545043945
153.0,47.00929260253906,70,44.58377456665039,40.845794677734375,22.33983612060547,1357.368408203125
153.5,47.121681213378906,0,44.60190200805664,40.83854293823242,22.332477569580078,1358.8075675964355
154.0,47.14344024658203,47.35,44.61277770996094,40.87479782104492,22.325119018554688,1360.2358474731445
154.5,47.15793991088867,52.5,44.60190200805664,40.92555618286133,22.3140811920166,1361.6568775177002
155.0,47.15068817138672,68.4,44.61640548706055,40.99081802368164,22.317760467529297,1363.0815334320068
155.5,47.125308990478516,70,44.64178466796875,41.00894546508789,22.310401916503906,1364.5188789367676
156.0,47.1834716796875,20.65,44.68544006347656,40.990966796875,22.31055450439453,1365.9271430969238
156.5,47.20869827270508,44.34,44.710670471191406,41.01982116699219,22.303043365478516,1367.3227939605713
157.0,47.223201751708984,52.01,44.7432975769043,41.0742073059082,22.29936408996582,1368.7111930847168
157.5,47.205074310302734,70,44.76142883300781,41.099586486816406,22.29936408996582,1370.1086559295654
158.0,47.241329193115234,36.1,44.79405975341797,41.15034103393555,22.310401916503906,1371.4879913330078
158.5,47.19419860839844,70,44.82668685913086,41.18659591674805,22.317760467529297,1372.8908920288086
159.0,47.19782257080078,60.31,44.85206604003906,41.233734130859375,22.310401916503906,1374.2919807434082
159.5,47.1943473815918,65.53,44.8812255859375,41.2810173034668,22.32159423828125,1375.6948070526123
160.0,47.19057083129883,65.83,44.90645217895508,41.28086471557617,22.317760467529297,1377.099521636963
160.5,47.201446533203125,55.11,44.93183135986328,41.269989013671875,22.3140811920166,1378.4987983703613
161.0,47.201446533203125,63.04,44.953582763671875,41.23735809326172,22.3140811920166,1379.8980751037598
161.5,47.19782257080078,65.75,44.98258972167969,41.26273727416992,22.317760467529297,1381.2991638183594
162.0,47.18694305419922,70,45.00796890258789,41.30986785888672,22.321439743041992,1382.7056922912598
162.5,47.19057083129883,60.63,45.00796890258789,41.37875747680664,22.317760467529297,1384.1104068756104
163.0,47.201446533203125,55.29,44.993465423583984,41.418636322021484,22.321439743041992,1385.5096836090088
163.5,47.223201751708984,47.2,44.96808624267578,41.42951583862305,22.321439743041992,1386.8980827331543
164.0,47.237701416015625,52.36,44.96083450317383,41.400508880615234,22.328798294067383,1388.2792320251465
164.5,47.25220489501953,52.24,44.96083450317383,41.39325714111328,22.336156845092773,1389.6531295776367
165.0,47.263084411621094,54.79,44.92457580566406,41.38963317871094,22.325119018554688,1391.0215873718262
165.5,47.24858093261719,70,44.90282440185547,41.418636322021484,22.325119018554688,1392.3972969055176
166.0,47.25583267211914,57.57,44.899200439453125,41.436763763427734,22.328798294067383,1393.769380569458
166.5,47.24495315551758,70,44.90282440185547,41.42226028442383,22.332477569580078,1395.1469039916992
167.0,47.24495315551758,63.01,44.89557647705078,41.37875747680664,22.325119018554688,1396.5244274139404
167.5,47.23407745361328,70,44.877445220947266,41.360626220703125,22.332477569580078,1397.9073886871338
168.0,47.24495315551758,55.19,44.88832092285156,41.35700225830078,22.350873947143555,1399.284912109375
168.5,47.263084411621094,49.77,44.844818115234375,41.37875747680664,22.35455322265625,1400.6533699035645
169.0,47.28483581542969,46.95,44.86294174194336,41.404136657714844,22.365591049194336,1402.0109519958496
169.5,47.30296325683594,49.43,44.877445220947266,41.38237762451172,22.358232498168945,1403.3594703674316
170.0,47.3138427734375,54.62,44.88832092285156,41.38237762451172,22.36927032470703,1404.702548980713
170.5,47.34284210205078,41.2,44.88832092285156,41.404136657714844,22.35455322265625,1406.0311279296875
171.0,47.34646987915039,59.62,44.91007614135742,41.41138458251953,22.34719467163086,1407.3578929901123
171.5,47.349945068359375,59.72,44.931678771972656,41.44023895263672,22.34336280822754,1408.6829204559326
172.0,47.364601135253906,51.49,44.913700103759766,41.46939468383789,22.33983612060547,1410.0006198883057
172.5,47.3754768371582,54.16,44.913700103759766,41.44763946533203,22.33983612060547,1411.3128814697266
173.0,47.3972282409668,46.07,44.953582763671875,41.46577072143555,22.33983612060547,1412.6142673492432
173.5,47.41883087158203,45.99,44.96430969238281,41.47649383544922,22.347042083740234,1413.9048519134521
174.0,47.43695831298828,48.36,45.01506805419922,41.48737335205078,22.33600425720215,1415.186372756958
174.5,47.45146179199219,50.88,45.03681945800781,41.48012161254883,22.339683532714844,1416.460641860962
175.0,47.465965270996094,50.76,45.025943756103516,41.490997314453125,22.34336280822754,1417.7276592254639
175.5,47.46234130859375,63.99,45.00056457519531,41.53450393676758,22.33600425720215,1418.996488571167
176.0,47.47684097290039,50.72,45.00419235229492,41.52000045776367,22.347042083740234,1420.2580680847168
176.5,47.484092712402344,55.94,45.007816314697266,41.530879974365234,22.34336280822754,1421.5160217285156
177.0,47.49134063720703,55.9,45.04407501220703,41.47649383544922,22.347042083740234,1422.770351409912
177.5,47.48786926269531,63.74,45.087730407714844,41.44763946533203,22.33983612060547,1424.0264167785645
178.0,47.495121002197266,55.92,45.07685470581055,41.473018646240234,22.358232498168945,1425.2788562774658
178.5,47.50236892700195,55.88,45.051475524902344,41.49839782714844,22.365591049194336,1426.5276718139648
179.0,47.5167236328125,50.6,45.04044723510742,41.552635192871094,22.361759185791016,1427.7693099975586
179.5,47.5275993347168,53.05,45.05132293701172,41.55988311767578,22.354400634765625,1429.0055103302002
180.0,47.53485107421875,55.64,45.05857467651367,41.61064147949219,22.361759185791016,1430.2380847930908
180.5,47.552978515625,47.59,45.083953857421875,41.6867790222168,22.354400634765625,1431.4615955352783
181.0,47.538475036621094,70,45.10933303833008,41.7375373840332,22.35807991027832,1432.6923580169678
181.5,47.53485107421875,63.62,45.11658477783203,41.784671783447266,22.361759185791016,1433.9249324798584
182.0,47.567481994628906,37.0,45.13471221923828,41.762916564941406,22.361759185791016,1435.141191482544
182.5,47.58198165893555,50.05,45.145591735839844,41.75566482543945,22.339683532714844,1436.3502006530762
183.0,47.57473373413086,65.94,45.17096710205078,41.78829574584961,22.347042083740234,1437.5628337860107
183.5,47.58908462524414,50.14,45.196197509765625,41.78089141845703,22.335853576660156,1438.7682914733887
184.0,47.585609436035156,63.15,45.22897720336914,41.75929260253906,22.332324981689453,1439.975486755371
184.5,47.59648513793945,52.65,45.19272232055664,41.77016830444336,22.328645706176758,1441.1772441864014
185.0,47.60736083984375,52.57,45.199974060058594,41.748416900634766,22.324966430664062,1442.3735637664795
185.5,47.62548828125,47.15,45.20722198486328,41.75566482543945,22.324966430664062,1443.5608196258545
186.0,47.64724349975586,44.32,45.2144775390625,41.72665786743164,22.321287155151367,1444.7371978759766
186.5,47.63289260864258,70,45.21099853515625,41.708683013916016,22.317760467529297,1445.9207515716553
187.0,47.61113739013672,70,45.20012283325195,41.672428131103516,22.30672264099121,1447.115182876587
187.5,47.5783576965332,70,45.20359802246094,41.63239669799805,22.2955322265625,1448.3260040283203
188.0,47.556602478027344,70,45.15283966064453,41.61789321899414,22.28817367553711,1449.5477027893066
188.5,47.552978515625,63.86,45.16371536254883,41.607017517089844,22.291851043701172,1450.7712135314941
189.0,47.54209899902344,69.27,45.17096710205078,41.621517181396484,22.2955322265625,1452.0001640319824
189.5,47.53485107421875,66.74,45.178218841552734,41.621517181396484,22.28817367553711,1453.232738494873
190.0,47.538475036621094,58.84,45.178218841552734,41.61064147949219,22.291851043701172,1454.4635009765625
190.5,47.53122329711914,66.84,45.18547058105469,41.62876892089844,22.30289077758789,1455.697889328003
191.0,47.556602478027344,42.92,45.22172546386719,41.65777587890625,22.324966430664062,1456.9195880889893
191.5,47.57110595703125,50.7,45.22897720336914,41.679527282714844,22.313928604125977,1458.1340351104736
192.0,47.5892333984375,47.91,45.265235900878906,41.69040298461914,22.324966430664062,1459.3394184112549
192.5,47.62548828125,34.41,45.272483825683594,41.66865158081055,22.317607879638672,1460.5266742706299
193.0,47.62911605834961,58.09,45.250732421875,41.65414810180664,22.317607879638672,1461.712116241455
193.5,47.62548828125,63.43,45.2616081237793,41.6505241394043,22.321287155151367,1462.89937210083
194.0,47.6508674621582,42.14,45.254356384277344,41.6396484375,22.324966430664062,1464.073938369751
194.5,47.67262268066406,44.58,45.268856048583984,41.64689636230469,22.332324981689453,1465.237627029419
195.0,47.65449523925781,70,45.27973556518555,41.6867790222168,22.324966430664062,1466.41037940979
195.5,47.639991760253906,70,45.2761116027832,41.643272399902344,22.328645706176758,1467.590383529663
196.0,47.6508674621582,52.78,45.254356384277344,41.6396484375,22.332324981689453,1468.764949798584
196.5,47.68712615966797,34.02,45.254356384277344,41.643272399902344,22.33600425720215,1469.92138671875
197.0,47.70525360107422,47.02,45.268856048583984,41.64689636230469,22.324966430664062,1471.068759918213
197.5,47.73063278198242,41.53,45.29423522949219,41.64689636230469,22.324966430664062,1472.2034435272217
198.0,47.752384185791016,43.97,45.3232421875,41.661399841308594,22.321287155151367,1473.3272514343262
198.5,47.78501510620117,35.76,45.308738708496094,41.679527282714844,22.324966430664062,1474.4347438812256
199.0,47.80299377441406,46.25,45.294090270996094,41.71200942993164,22.328495025634766,1475.5332469940186
199.5,47.79951858520508,61.88,45.29061508178711,41.74116134643555,22.324966430664062,1476.633487701416
200.0,47.810394287109375,51.38,45.3123664855957,41.748416900634766,22.324966430664062,1477.7282905578613
200.5,47.82489776611328,48.63,45.319618225097656,41.744789123535156,22.321287155151367,1478.8158416748047
201.0,47.82126998901367,61.85,45.308738708496094,41.75929260253906,22.313928604125977,1479.9052066802979
201.5,47.810394287109375,67.25,45.31599426269531,41.73391342163086,22.31024932861328,1481.0000095367432
202.0,47.82126998901367,51.38,45.319618225097656,41.69403076171875,22.317607879638672,1482.0893745422363
202.5,47.846649169921875,40.62,45.337745666503906,41.697654724121094,22.313928604125977,1483.1660499572754
203.0,47.853904724121094,53.73,45.32686996459961,41.67227554321289,22.324966430664062,1484.2390975952148
203.5,47.87565612792969,43.01,45.31599426269531,41.697654724121094,22.33600425720215,1485.30126953125
204.0,47.886531829833984,50.82,45.319618225097656,41.7012825012207,22.35072135925293,1486.358003616333
204.5,47.9046630859375,45.39,45.319618225097656,41.74116134643555,22.34336280822754,1487.4056720733643
205.0,47.908287048339844,55.92,45.355873107910156,41.77016830444336,22.347042083740234,1488.4515285491943
205.5,47.91191101074219,55.9,45.35224914550781,41.77379608154297,22.35072135925293,1489.4955730438232
206.0,47.922786712646484,50.56,45.374000549316406,41.77379608154297,22.36543846130371,1490.5341796875
206.5,47.95541763305664,34.45,45.35224914550781,41.781044006347656,22.369117736816406,1491.5564708709717
207.0,47.944541931152344,66.18,45.34499740600586,41.77016830444336,22.3727970123291,1492.5841999053955
207.5,47.944541931152344,58.31,45.36312484741211,41.73028564453125,22.3727970123291,1493.6119289398193
208.0,47.962669372558594,44.99,45.392127990722656,41.715782165527344,22.3727970123291,1494.63059425354
208.5,47.980796813964844,44.83,45.38850402832031,41.697654724121094,22.3727970123291,1495.6401958465576
209.0,47.980796813964844,58.01,45.39937973022461,41.73028564453125,22.376476287841797,1496.6497974395752
209.5,48.0025520324707,42.02,45.40663146972656,41.72303771972656,22.380155563354492,1497.6485214233398
210.0,48.013427734375,49.83,45.435638427734375,41.74116134643555,22.391193389892578,1498.6418075561523
210.5,48.03155517578125,44.41,45.44651412963867,41.73391342163086,22.394872665405273,1499.6260299682617
211.0,48.046058654785156,46.92,45.471893310546875,41.71940994262695,22.394872665405273,1500.6030006408691
211.5,48.053306579589844,52.13,45.471893310546875,41.75929260253906,22.383834838867188,1501.5763473510742
212.0,48.07868957519531,38.73,45.48639678955078,41.77741622924805,22.383834838867188,1502.5370025634766
212.5,48.10769271850586,35.83,45.464637756347656,41.77379608154297,22.383834838867188,1503.4831562042236
213.0,48.11872100830078,48.79,45.453914642333984,41.79207229614258,22.37295150756836,1504.4237957000732
213.5,48.12582015991211,51.6,45.471893310546875,41.81005096435547,22.3727970123291,1505.3608856201172
214.0,48.11494445800781,64.78,45.49727249145508,41.83180236816406,22.361759185791016,1506.3034133911133
214.5,48.10769271850586,62.25,45.490020751953125,41.839054107666016,22.347042083740234,1507.2495670318604
215.0,48.09681701660156,65.01,45.471893310546875,41.88981246948242,22.361759185791016,1508.2011585235596
215.5,48.082313537597656,67.82,45.48276901245117,41.933319091796875,22.347042083740234,1509.1600017547607
216.0,48.07143783569336,65.32,45.47551727294922,41.915191650390625,22.347042083740234,1510.124282836914
216.5,48.07868957519531,52.11,45.450138092041016,41.90793991088867,22.339683532714844,1511.0849380493164
217.0,48.07506561279297,60.07,45.45738983154297,41.90793991088867,22.339683532714844,1512.04740524292
217.5,48.07143783569336,60.13,45.48276901245117,41.951446533203125,22.339683532714844,1513.0116863250732
218.0,48.082313537597656,49.51,45.53352737426758,41.987701416015625,22.33600425720215,1513.9705295562744
218.5,48.09681701660156,46.76,45.57703399658203,41.991329193115234,22.33600425720215,1514.9221210479736
219.0,48.11494445800781,43.96,45.60966491699219,41.987701416015625,22.328645706176758,1515.8646488189697
219.5,48.12204360961914,51.92,45.64214324951172,41.947669982910156,22.332172393798828,1516.8036270141602
220.0,48.12582015991211,54.32,45.69305419921875,41.915191650390625,22.321287155151367,1517.740716934204
220.5,48.13291931152344,51.86,45.71828079223633,41.90779113769531,22.335853576660156,1518.6742572784424
221.0,48.15119934082031,43.58,45.71843338012695,41.94057083129883,22.347042083740234,1519.5986576080322
221.5,48.158451080322266,51.53,45.74018478393555,41.98045349121094,22.35807991027832,1520.519432067871
222.0,48.180206298828125,40.8,45.761940002441406,42.031211853027344,22.347042083740234,1521.429328918457
222.5,48.18745422363281,51.28,45.78731918334961,42.01308059692383,22.34336280822754,1522.3356018066406
223.0,48.20906066894531,40.66,45.79441833496094,42.01655578613281,22.332172393798828,1523.231071472168
223.5,48.18383026123047,70,45.8090705871582,42.06021499633789,22.33600425720215,1524.1391563415527
224.0,48.194557189941406,48.75,45.80167007446289,42.08906936645508,22.324813842773438,1525.041877746582
224.5,48.18730545043945,61.9,45.8161735534668,42.139827728271484,22.324813842773438,1525.9482250213623
225.0,48.1691780090332,70,45.823421478271484,42.18695831298828,22.33953094482422,1526.8636360168457
225.5,48.17280578613281,54.2,45.79804229736328,42.172454833984375,22.335853576660156,1527.7772331237793
226.0,48.1909294128418,43.51,45.75816345214844,42.179710388183594,22.335853576660156,1528.6817684173584
226.5,48.21630859375,38.01,45.70015335083008,42.2050895690918,22.335853576660156,1529.5736141204834
227.0,48.238067626953125,40.44,45.692901611328125,42.22321701049805,22.31745719909668,1530.4545803070068
227.5,48.23443603515625,58.93,45.67115020751953,42.212337493896484,22.328495025634766,1531.3373622894287
228.0,48.238067626953125,53.64,45.649391174316406,42.212337493896484,22.324813842773438,1532.2183284759521
228.5,48.24531555175781,50.96,45.64577102661133,42.26309585571289,22.335853576660156,1533.0956707000732
229.0,48.25981903076172,45.57,45.62763977050781,42.31385803222656,22.33953094482422,1533.9657611846924
229.5,48.274322509765625,45.44,45.64577102661133,42.335609436035156,22.335853576660156,1534.8285999298096
230.0,48.292598724365234,42.54,45.65679931640625,42.339385986328125,22.339683532714844,1535.682300567627
230.5,48.288822174072266,58.61,45.66389465332031,42.339237213134766,22.335853576660156,1536.5378894805908
231.0,48.24531555175781,70,45.70015335083008,42.371864318847656,22.33953094482422,1537.415231704712
231.5,48.230812072753906,67.03,45.72190856933594,42.371864318847656,22.343210220336914,1538.299825668335
232.0,48.230812072753906,56.53,45.74365997314453,42.35011291503906,22.328495025634766,1539.184419631958
232.5,48.21993637084961,64.55,45.77629089355469,42.342857360839844,22.332172393798828,1540.0744514465332
233.0,48.21630859375,59.35,45.76178741455078,42.339237213134766,22.332172393798828,1540.9662971496582
233.5,48.21993637084961,54.07,45.787166595458984,42.288475036621094,22.30641746520996,1541.8563289642334
234.0,48.2271842956543,51.39,45.79441833496094,42.288475036621094,22.310096740722656,1542.7427368164062
234.5,48.23443603515625,51.33,45.769039154052734,42.28485107421875,22.302738189697266,1543.6255187988281
235.0,48.25619125366211,40.6,45.732784271240234,42.29572677612305,22.302738189697266,1544.497423171997
235.5,48.274208068847656,43.16,45.681915283203125,42.37175369262695,22.306303024291992,1545.3603191375732
236.0,48.29244613647461,42.83,45.63126754760742,42.45887756347656,22.302738189697266,1546.214096069336
236.5,48.30321502685547,48.17,45.602149963378906,42.51677703857422,22.2989444732666,1547.0624885559082
237.0,48.31420135498047,47.92,45.53700256347656,42.542266845703125,22.288021087646484,1547.905387878418
237.5,48.328704833984375,45.24,45.53337478637695,42.54951858520508,22.295379638671875,1548.7410354614258
238.0,48.35759735107422,34.52,45.56227111816406,42.52402877807617,22.287906646728516,1549.5622367858887
238.5,48.38298034667969,36.82,45.587646484375,42.495025634765625,22.2989444732666,1550.3707466125488
239.0,48.38298034667969,55.27,45.61665344238281,42.458770751953125,22.295265197753906,1551.179256439209
239.5,48.38298034667969,55.29,45.65290832519531,42.451515197753906,22.2989444732666,1551.9877662658691
240.0,48.38298034667969,55.31,45.67466354370117,42.451515197753906,22.295265197753906,1552.7962760925293
240.5,48.390228271484375,50.0,45.70729446411133,42.487770080566406,22.306303024291992,1553.601161956787
241.0,48.408355712890625,41.93,45.72904968261719,42.531280517578125,22.313661575317383,1554.3969841003418
241.5,48.39747619628906,63.12,45.70366668701172,42.491397857666016,22.295265197753906,1555.1982460021973
242.0,48.408355712890625,47.24,45.700042724609375,42.48414993286133,22.302623748779297,1555.994068145752
242.5,48.40110397338867,60.49,45.68916702270508,42.473270416259766,22.295265197753906,1556.7935161590576
243.0,48.40110397338867,55.25,45.678287506103516,42.43701171875,22.302623748779297,1557.5929641723633
243.5,48.39747619628906,57.94,45.68916702270508,42.37175369262695,22.291587829589844,1558.3942260742188
244.0,48.41197967529297,44.65,45.72179412841797,42.3173713684082,22.291587829589844,1559.1882362365723
244.5,48.44098663330078,33.84,45.739925384521484,42.27386474609375,22.313661575317383,1559.9677429199219
245.0,48.462738037109375,38.91,45.76530456542969,42.21223068237305,22.295265197753906,1560.7363739013672
245.5,48.47724151611328,44.04,45.80155944824219,42.128841400146484,22.306303024291992,1561.4977531433105
246.0,48.47361755371094,57.26,45.82331085205078,42.11796569824219,22.302623748779297,1562.260944366455
246.5,48.44098663330078,70,45.85594177246094,42.12158966064453,22.309982299804688,1563.0404510498047
247.0,48.44098663330078,55.0,45.86319351196289,42.128841400146484,22.309982299804688,1563.8199577331543
247.5,48.40095520019531,70,45.866668701171875,42.18669891357422,22.324546813964844,1564.6194801330566
248.0,48.390228271484375,63.34,45.88132095336914,42.20497512817383,22.328380584716797,1565.4243659973145
248.5,48.390228271484375,55.58,45.903076171875,42.186851501464844,22.33205795288086,1566.2292518615723
249.0,48.408355712890625,42.25,45.94658279418945,42.165096282958984,22.335737228393555,1567.025074005127
249.5,48.408206939697266,55.54,45.964561462402344,42.143192291259766,22.346622467041016,1567.8209705352783
250.0,48.43736267089844,33.99,46.01546859741211,42.11433792114258,22.35413360595703,1568.602289199829
250.5,48.458961486816406,39.27,46.02981948852539,42.11781311035156,22.346622467041016,1569.372808456421
251.0,48.462738037109375,52.19,46.05172348022461,42.15422058105469,22.35781478881836,1570.1414394378662
251.5,48.47724151611328,44.28,46.05172348022461,42.17234802246094,22.372529983520508,1570.9028186798096
252.0,48.46998977661133,60.16,46.01546859741211,42.17234802246094,22.401966094970703,1571.667823791504
252.5,48.466365814208984,57.58,46.026344299316406,42.20860290527344,22.401966094970703,1572.4346408843994
253.0,48.47361755371094,49.63,46.048099517822266,42.255733489990234,22.42036247253418,1573.197832107544
253.5,48.49174499511719,41.57,46.044471740722656,42.28111267089844,22.41668128967285,1573.9519596099854
254.0,48.47724151611328,65.43,46.03722381591797,42.28111267089844,22.405643463134766,1574.7133388519287
254.5,48.488121032714844,46.91,46.03359603881836,42.29924392700195,22.394607543945312,1575.4692783355713
255.0,48.488121032714844,54.83,46.03722381591797,42.3536262512207,22.398284912109375,1576.2252178192139
255.5,48.46998977661133,68.19,46.044471740722656,42.37175369262695,22.38724708557129,1576.9902229309082
256.0,48.47724151611328,49.71,46.09160614013672,42.44789123535156,22.394607543945312,1577.7516021728516
256.5,48.498844146728516,39.09,46.1313362121582,42.5202522277832,22.387096405029297,1578.5021800994873
257.0,48.51697540283203,41.44,46.160343170166016,42.5202522277832,22.387096405029297,1579.2436923980713
257.5,48.50609588623047,62.64,46.196598052978516,42.48762130737305,22.39077377319336,1579.990644454956
258.0,48.51334762573242,49.42,46.18934631347656,42.440486907958984,22.368698120117188,1580.7339706420898
258.5,48.535099029541016,38.69,46.21110153198242,42.41148376464844,22.372377395629883,1581.4664211273193
259.0,48.52059555053711,65.17,46.192970275878906,42.39335632324219,22.368698120117188,1582.2061233520508
259.5,48.50971984863281,62.67,46.232852935791016,42.36435317993164,22.365018844604492,1582.9512634277344
260.0,48.51334762573242,52.12,46.250980377197266,42.277339935302734,22.361339569091797,1583.6945896148682
260.5,48.50971984863281,57.45,46.23647689819336,42.270084381103516,22.372377395629883,1584.4397296905518
261.0,48.52059555053711,46.82,46.24010467529297,42.26283645629883,22.376056671142578,1585.1794319152832
261.5,48.51697540283203,57.4,46.229225158691406,42.197574615478516,22.379735946655273,1585.9209442138672
262.0,48.52059555053711,52.13,46.24010467529297,42.18669891357422,22.376056671142578,1586.6606464385986
262.5,48.556854248046875,28.08,46.250980377197266,42.16857147216797,22.38341522216797,1587.3822193145752
263.0,48.574981689453125,41.08,46.25823211669922,42.157691955566406,22.387096405029297,1588.0947284698486
263.5,48.60036087036133,35.57,46.24010467529297,42.161319732666016,22.39077377319336,1588.794548034668
264.0,48.589637756347656,61.91,46.25113296508789,42.13608932495117,22.372529983520508,1589.4997291564941
264.5,48.59673309326172,48.92,46.22197723388672,42.106937408447266,22.379735946655273,1590.2013626098633
265.0,48.607765197753906,45.96,46.22937774658203,42.08170700073242,22.35413360595703,1590.8974800109863
265.5,48.60398864746094,56.77,46.250980377197266,42.103309631347656,22.353981018066406,1591.5954856872559
266.0,48.60036087036133,56.72,46.25823211669922,42.17582321166992,22.346622467041016,1592.2953052520752
266.5,48.60398864746094,51.43,46.27998733520508,42.24833297729492,22.34294319152832,1592.9933109283447
267.0,48.60398864746094,54.08,46.27998733520508,42.25196075439453,22.33558464050293,1593.6913166046143
267.5,48.578758239746094,70,46.309139251708984,42.255733489990234,22.33941650390625,1594.4019374847412
268.0,48.589637756347656,46.36,46.294639587402344,42.20497512817383,22.317340850830078,1595.1071186065674
268.5,48.59326171875,51.61,46.294639587402344,42.13246536254883,22.313661575317383,1595.8104877471924
269.0,48.607765197753906,43.58,46.312767028808594,42.09620666503906,22.317340850830078,1596.5066051483154
269.5,48.574981689453125,70,46.32349395751953,42.09243392944336,22.306150436401367,1597.2191143035889
270.0,48.58600997924805,46.36,46.29826354980469,42.06357955932617,22.302623748779297,1597.9261093139648
270.5,48.58948516845703,51.83,46.30536651611328,42.04892349243164,22.298791885375977,1598.6313667297363
271.0,48.57135772705078,67.72,46.27998733520508,42.09968185424805,22.306150436401367,1599.345687866211
271.5,48.54960250854492,70,46.31986999511719,42.157691955566406,22.28775405883789,1600.0708866119385
272.0,48.538726806640625,62.82,46.34524917602539,42.16857147216797,22.28775405883789,1600.8015232086182
272.5,48.538726806640625,54.94,46.34524917602539,42.15406799316406,22.27303695678711,1601.5321598052979
273.0,48.535099029541016,57.63,46.31986999511719,42.18669891357422,22.28775405883789,1602.2646102905273
273.5,48.54597473144531,47.01,46.26548385620117,42.22295379638672,22.28775405883789,1602.9916229248047
274.0,48.556854248046875,46.91,46.232852935791016,42.22295379638672,22.298791885375977,1603.7131958007812
274.5,48.56773376464844,46.82,46.21834945678711,42.28096389770508,22.298791885375977,1604.429328918457
275.0,48.57843780517578,46.86,46.25443649291992,42.27354431152344,22.309659957885742,1605.1401100158691
275.5,48.578609466552734,54.52,46.290863037109375,42.30634307861328,22.32086753845215,1605.8508052825928
276.0,48.56047821044922,68.01,46.29811096191406,42.34622573852539,22.32822608947754,1606.5705661773682
276.5,48.538726806640625,70,46.290863037109375,42.367977142333984,22.32822608947754,1607.3012027740479
277.0,48.54597473144531,49.77,46.30536651611328,42.40060806274414,22.324546813964844,1608.0282154083252
277.5,48.56410598754883,41.7,46.31986999511719,42.37885284423828,22.32086753845215,1608.7461624145508
278.0,48.56773376464844,52.21,46.31624221801758,42.4332389831543,22.331905364990234,1609.4622955322266
278.5,48.57843780517578,46.98,46.301570892333984,42.46932601928711,22.313337326049805,1610.1730766296387
279.0,48.5965690612793,41.42,46.30882263183594,42.462074279785156,22.309659957885742,1610.874792098999
279.5,48.60036087036133,51.81,46.327117919921875,42.45499038696289,22.313508987426758,1611.5746116638184
280.0,48.643699645996094,22.68,46.316070556640625,42.43669509887695,22.309659957885742,1612.2527618408203
280.5,48.67270278930664,32.81,46.323326110839844,42.48745346069336,22.317018508911133,1612.916410446167
281.0,48.67649841308594,51.08,46.327117919921875,42.54925537109375,22.317188262939453,1613.578161239624
281.5,48.6873779296875,45.85,46.34162139892578,42.58913803100586,22.317188262939453,1614.2344722747803
282.0,48.67633056640625,61.89,46.359580993652344,42.592594146728516,22.32437515258789,1614.8963069915771
282.5,48.68720626831055,45.88,46.40671157836914,42.53096008300781,22.305978775024414,1615.5527038574219
283.0,48.64732360839844,70,46.42483901977539,42.54183578491211,22.309659957885742,1616.2290420532227
283.5,48.61106872558594,70,46.413963317871094,42.552711486816406,22.30229949951172,1616.9235076904297
284.0,48.549434661865234,70,46.41033935546875,42.516456604003906,22.30229949951172,1617.648790359497
284.5,48.534934997558594,65.93,46.3922119140625,42.47657775878906,22.294940948486328,1618.3813228607178
285.0,48.49867630004883,70,46.38133239746094,42.49108123779297,22.283905029296875,1619.1319847106934
285.5,48.51680374145508,42.46,46.38133239746094,42.50558090209961,22.298622131347656,1619.8735828399658
286.0,48.51317596435547,58.31,46.395835876464844,42.50558090209961,22.287582397460938,1620.616994857788
286.5,48.531307220458984,42.35,46.4030876159668,42.4548225402832,22.283905029296875,1621.3513412475586
287.0,48.52043151855469,63.54,46.395835876464844,42.498329162597656,22.26918601989746,1622.0911254882812
287.5,48.531307220458984,47.66,46.36682891845703,42.51283264160156,22.26918601989746,1622.8254718780518
288.0,48.55305862426758,39.56,46.33782958984375,42.56721496582031,22.272865295410156,1623.548942565918
288.5,48.53115463256836,70,46.34130096435547,42.628700256347656,22.283750534057617,1624.2833652496338
289.0,48.54218292236328,47.49,46.341453552246094,42.668731689453125,22.280223846435547,1625.0122737884521
289.5,48.549434661865234,50.17,46.34870529174805,42.66148376464844,22.27654457092285,1625.7375564575195
290.0,48.563785552978516,44.89,46.34130096435547,42.65407943725586,22.26535415649414,1626.4556636810303
290.5,48.57481384277344,47.21,46.35232925415039,42.67961120605469,22.265506744384766,1627.1682567596436
291.0,48.549434661865234,70,46.355953216552734,42.72311782836914,22.258148193359375,1627.893539428711
291.5,48.549285888671875,55.62,46.395687103271484,42.72658920288086,22.26535415649414,1628.618896484375
292.0,48.55668640136719,50.08,46.428466796875,42.70499038696289,22.265506744384766,1629.3405532836914
292.5,48.545658111572266,63.59,46.45369338989258,42.67220687866211,22.254316329956055,1630.0677242279053
293.0,48.54581069946289,55.49,46.46834945678711,42.636104583740234,22.250789642333984,1630.7948188781738
293.5,48.56016159057617,45.06,46.468196868896484,42.65770721435547,22.25063705444336,1631.5147380828857
294.0,48.57103729248047,47.49,46.486328125,42.668582916259766,22.246957778930664,1632.2292194366455
294.5,48.61454391479492,23.37,46.508079528808594,42.628700256347656,22.246957778930664,1632.921947479248
295.0,48.639923095703125,36.29,46.4972038269043,42.62507629394531,22.246957778930664,1633.6019859313965
295.5,48.66893005371094,33.37,46.46094512939453,42.62507629394531,22.235919952392578,1634.267520904541
296.0,48.69068145751953,38.44,46.428314208984375,42.6069450378418,22.246957778930664,1634.9221801757812
296.5,48.716060638427734,35.56,46.40293502807617,42.614200592041016,22.24327850341797,1635.5641498565674
297.0,48.74143981933594,35.32,46.35942840576172,42.581565856933594,22.24327850341797,1636.1934299468994
297.5,48.76319122314453,37.74,46.31592559814453,42.5126838684082,22.25063705444336,1636.8118343353271
298.0,48.7739372253418,45.64,46.28315734863281,42.48716735839844,22.243144989013672,1637.4248657226562
298.5,48.77031326293945,56.12,46.254154205322266,42.44003677368164,22.228425979614258,1638.0397090911865
299.0,48.784812927246094,42.83,46.24327850341797,42.41828536987305,22.239465713500977,1638.6473026275635
299.5,48.795692443847656,45.37,46.19976806640625,42.425533294677734,22.23578643798828,1639.2494564056396
300.0,48.80656814575195,45.27,46.17439270019531,42.40740966796875,22.239465713500977,1639.8461723327637
300.5,48.813819885253906,47.85,46.15626525878906,42.425533294677734,22.23578643798828,1640.4392623901367
301.0,48.8246955871582,45.12,46.08737564086914,42.45091247558594,22.228425979614258,1641.0269145965576
301.5,48.821067810058594,55.7,46.0837516784668,42.47991943359375,22.2210693359375,1641.6163806915283
302.0,48.821067810058594,53.08,46.06924819946289,42.46904373168945,22.224748611450195,1642.205846786499
302.5,48.82832336425781,47.75,46.0728759765625,42.4726676940918,22.228425979614258,1642.7916851043701
303.0,48.83919906616211,45.03,46.105506896972656,42.447288513183594,22.228425979614258,1643.372085571289
303.5,48.850074768066406,44.93,46.13450622558594,42.45816421508789,22.232107162475586,1643.9470481872559
304.0,48.8463134765625,55.61,46.13800048828125,42.4471549987793,22.231971740722656,1644.5238914489746
304.5,48.85356903076172,47.55,46.116249084472656,42.436275482177734,22.228294372558594,1645.0971069335938
305.0,48.85719299316406,50.17,46.09086990356445,42.47978591918945,22.224613189697266,1645.6685104370117
305.5,48.86444091796875,47.48,46.04373550415039,42.476158142089844,22.228294372558594,1646.2362899780273
306.0,48.878944396972656,42.08,46.05461120605469,42.41089630126953,22.228294372558594,1646.796817779541
306.5,48.860816955566406,65.96,46.050987243652344,42.41815185546875,22.220935821533203,1647.3664093017578
307.0,48.842689514160156,66.16,46.069114685058594,42.4834098815918,22.224613189697266,1647.9450645446777
307.5,48.82093811035156,69.03,46.07636642456055,42.5341682434082,22.231971740722656,1648.534595489502
308.0,48.79555892944336,70,46.09086990356445,42.55592346191406,22.250370025634766,1649.1368160247803
308.5,48.79555892944336,53.53,46.123497009277344,42.61030578613281,22.254047393798828,1649.7390365600586
309.0,48.78455352783203,61.65,46.083492279052734,42.6536865234375,22.25759506225586,1650.3467597961426
309.5,48.78105545043945,56.25,46.1089973449707,42.71544647216797,22.254047393798828,1650.9562320709229
310.0,48.77367401123047,59.16,46.12699890136719,42.758827209472656,22.261274337768555,1651.5693950653076
310.5,48.788307189941406,43.04,46.116249084472656,42.82059097290039,22.276124954223633,1652.175241470337
311.0,48.806304931640625,40.43,46.10161590576172,42.79145812988281,22.28335189819336,1652.7720890045166
311.5,48.82080841064453,42.83,46.079864501953125,42.816837310791016,22.27967071533203,1653.3616847991943
312.0,48.806304931640625,64.05,46.06898880004883,42.78783416748047,22.27967071533203,1653.958532333374
312.5,48.824432373046875,40.19,46.05448532104492,42.82046127319336,22.28335189819336,1654.5463161468506
313.0,48.828060150146484,50.7,46.07261657714844,42.88572311401367,22.287029266357422,1655.1322860717773
313.5,48.831512451171875,50.81,46.047061920166016,42.93993377685547,22.297895431518555,1655.7165298461914
314.0,48.82063674926758,61.33,45.99993133544922,42.94718551635742,22.29421615600586,1656.3062114715576
314.5,48.82426452636719,50.78,45.99630355834961,43.00519561767578,22.297895431518555,1656.894079208374
315.0,48.82788848876953,50.76,45.9455451965332,43.04145050048828,22.30157470703125,1657.4801349639893
315.5,48.83876419067383,45.4,45.90203857421875,43.00882339477539,22.297895431518555,1658.0607528686523
316.0,48.84601593017578,47.97,45.85853576660156,43.01607131958008,22.312612533569336,1658.6377449035645
316.5,48.853118896484375,48.02,45.872886657714844,42.97603988647461,22.316139221191406,1659.2111854553223
317.0,48.867618560791016,42.52,45.89826202392578,42.92890930175781,22.308780670166016,1659.7773761749268
317.5,48.86399459838867,55.73,45.91276550292969,42.90715408325195,22.29774284362793,1660.3453788757324
318.0,48.871246337890625,47.77,45.887386322021484,42.8636474609375,22.29774284362793,1660.909755706787
318.5,48.87849426269531,47.71,45.90188980102539,42.83464050292969,22.29774284362793,1661.4705085754395
319.0,48.871395111083984,58.22,45.90566635131836,42.79128646850586,22.28685760498047,1662.0348110198975
319.5,48.89299774169922,37.17,45.91276550292969,42.79838562011719,22.29774284362793,1662.5883121490479
320.0,48.903873443603516,44.86,45.90188980102539,42.8165168762207,22.286705017089844,1663.136375427246
320.5,48.93288040161133,31.42,45.891014099121094,42.849143981933594,22.29038429260254,1663.6699352264404
321.0,48.9620361328125,31.02,45.90203857421875,42.80216598510742,22.28685760498047,1664.1889171600342
321.5,48.961883544921875,52.32,45.905513763427734,42.794761657714844,22.29774284362793,1664.7079753875732
322.0,48.980010986328125,38.87,45.923641204833984,42.74762725830078,22.294063568115234,1665.2179698944092
322.5,48.983638763427734,49.38,45.92001724243164,42.754878997802734,22.301422119140625,1665.7261505126953
323.0,48.987266540527344,49.35,45.9671516418457,42.73312759399414,22.305099487304688,1666.2325172424316
323.5,48.97638702392578,60.01,45.999778747558594,42.678741455078125,22.301422119140625,1666.7443237304688
324.0,48.97276306152344,54.79,45.992530822753906,42.638858795166016,22.308780670166016,1667.257942199707
324.5,48.961883544921875,60.18,45.963523864746094,42.642486572265625,22.305099487304688,1667.777000427246
325.0,48.980010986328125,38.95,45.94902038574219,42.66786575317383,22.31245994567871,1668.286994934082
325.5,48.983489990234375,49.56,45.945247650146484,42.67134475708008,22.304950714111328,1668.7952499389648
326.0,48.99451446533203,43.98,45.94902038574219,42.642486572265625,22.29038429260254,1669.2979927062988
326.5,49.019744873046875,33.43,45.945247650146484,42.664093017578125,22.297590255737305,1669.7881202697754
327.0,49.041648864746094,35.63,45.963523864746094,42.678741455078125,22.29774284362793,1670.2672958374023
327.5,49.023372650146484,65.0,45.98875427246094,42.678592681884766,22.28655242919922,1670.755609512329
328.0,49.00524139404297,65.09,45.999629974365234,42.70759963989258,22.28655242919922,1671.2529888153076
328.5,49.001617431640625,54.61,45.985130310058594,42.72572708129883,22.297590255737305,1671.7521800994873
329.0,48.99073791503906,60.0,46.01776123046875,42.71485137939453,22.30126953125,1672.2568111419678
329.5,48.99073791503906,52.11,46.032264709472656,42.69672393798828,22.304950714111328,1672.7614421844482
330.0,48.979862213134766,60.13,46.035888671875,42.70759963989258,22.28655242919922,1673.2715110778809
330.5,48.96898651123047,60.26,46.05401611328125,42.67496871948242,22.279193878173828,1673.7870178222656
331.0,48.983489990234375,41.7,46.08302307128906,42.66771697998047,22.282873153686523,1674.2952728271484
331.5,49.008750915527344,33.64,46.115535736083984,42.63134765625,22.27907943725586,1674.7908973693848
332.0,48.99436569213867,62.58,46.12652587890625,42.587955474853516,22.293912887573242,1675.2937145233154
332.5,49.008750915527344,41.56,46.133663177490234,42.562461853027344,22.297475814819336,1675.7893390655518
333.0,48.99787902832031,60.02,46.11915969848633,42.52620315551758,22.30115509033203,1676.2903995513916
333.5,49.001502990722656,49.47,46.12278366088867,42.50807571411133,22.29379653930664,1676.7896480560303
334.0,48.96898651123047,70,46.141029357910156,42.529945373535156,22.30126953125,1677.305154800415
334.5,48.95799255371094,60.56,46.148162841796875,42.57696533203125,22.30115509033203,1677.8261585235596
335.0,48.947120666503906,60.59,46.14091491699219,42.580589294433594,22.304834365844727,1678.3525981903076
335.5,48.936241149902344,60.72,46.16629409790039,42.59146499633789,22.308513641357422,1678.8844776153564
336.0,48.92898941040039,58.17,46.206172943115234,42.62771987915039,22.304834365844727,1679.4199829101562
336.5,48.899986267089844,70,46.188045501708984,42.63859558105469,22.30115509033203,1679.9699897766113
337.0,48.89273452758789,58.57,46.188045501708984,42.7147331237793,22.30115509033203,1680.5236225128174
337.5,48.88895797729492,56.1,46.206024169921875,42.819725036621094,22.3046817779541,1681.07914352417
338.0,48.88170623779297,58.71,46.25315856933594,42.89223861694336,22.315719604492188,1681.6382904052734
338.5,48.870826721191406,61.47,46.267662048339844,42.95750045776367,22.3046817779541,1682.2028770446777
339.0,48.85270309448242,66.93,46.264034271240234,43.04088592529297,22.293643951416016,1682.7765254974365
339.5,48.82369613647461,70,46.282161712646484,43.12427520751953,22.28260612487793,1683.3646774291992
340.0,48.82369613647461,54.1,46.24953079223633,43.153282165527344,22.28260612487793,1683.952829360962
340.5,48.85270309448242,32.76,46.27128219604492,43.13877868652344,22.293643951416016,1684.5264778137207
341.0,48.860103607177734,48.38,46.28956604003906,43.164306640625,22.304834365844727,1685.0964260101318
341.5,48.878082275390625,40.53,46.30754089355469,43.17503356933594,22.312040328979492,1685.6573848724365
342.0,48.89273452758789,42.81,46.32219314575195,43.124427795410156,22.312192916870117,1686.2110176086426
342.5,48.88516616821289,59.04,46.31462097167969,43.15673828125,22.308189392089844,1686.7684345245361
343.0,48.89258575439453,48.09,46.33292007446289,43.21491622924805,22.312040328979492,1687.3221416473389
343.5,48.870826721191406,69.51,46.36555099487305,43.243919372558594,22.308361053466797,1687.8867282867432
344.0,48.87428665161133,51.18,46.365379333496094,43.20024490356445,22.308189392089844,1688.4495849609375
344.5,48.87428665161133,53.71,46.35812759399414,43.189369201660156,22.30451202392578,1689.0124416351318
345.0,48.878082275390625,50.93,46.354671478271484,43.131526947021484,22.308361053466797,1689.5734004974365
345.5,48.84907531738281,70,46.340171813964844,43.14240264892578,22.312040328979492,1690.1488628387451
346.0,48.85615921020508,48.79,46.2964973449707,43.15311050415039,22.315547943115234,1690.7207832336426
346.5,48.86357879638672,48.49,46.25315856933594,43.146026611328125,22.323078155517578,1691.2889938354492
347.0,48.85978698730469,56.68,46.220359802246094,43.15311050415039,22.322908401489258,1691.8591003417969
347.5,48.848907470703125,61.95,46.213104248046875,43.10960388183594,22.31922721862793,1692.4346466064453
348.0,48.85253143310547,51.4,46.198604583740234,43.07697296142578,22.30451202392578,1693.0083808898926
348.5,48.867034912109375,43.37,46.216732025146484,43.033470153808594,22.30451202392578,1693.574863433838
349.0,48.88516616821289,40.56,46.22398376464844,43.01533889770508,22.308189392089844,1694.1322803497314
349.5,48.89241409301758,48.4,46.22398376464844,42.989959716796875,22.293474197387695,1694.6860733032227
350.0,48.903289794921875,45.67,46.256614685058594,42.98270797729492,22.30451202392578,1695.2344284057617
350.5,48.906917572021484,50.91,46.2711181640625,42.94645309448242,22.300830841064453,1695.780969619751
351.0,48.89241409301758,64.24,46.2964973449707,42.94645309448242,22.311870574951172,1696.3347625732422
351.5,48.85253143310547,70,46.30012130737305,42.99721145629883,22.315547943115234,1696.9084968566895
352.0,48.83062744140625,70,46.32172393798828,43.044193267822266,22.31539535522461,1697.4931831359863
352.5,48.812652587890625,67.61,46.31462097167969,43.07697296142578,22.311870574951172,1698.086856842041
353.0,48.834407806396484,38.56,46.3327522277832,43.10960388183594,22.322908401489258,1698.6696529388428
353.5,48.834407806396484,54.37,46.3327522277832,43.15673828125,22.322908401489258,1699.2524490356445
354.0,48.83062744140625,57.17,46.347103118896484,43.174713134765625,22.32275390625,1699.8371353149414
354.5,48.85238265991211,38.42,46.365230560302734,43.14933395385742,22.333791732788086,1700.4109439849854
355.0,48.845130920410156,59.57,46.39060974121094,43.14208221435547,22.341150283813477,1700.9883785247803
355.5,48.906768798828125,8.94,46.39423751831055,43.14208221435547,22.33747100830078,1701.5349941253662
356.0,48.89575958251953,61.81,46.40498352050781,43.1637077331543,22.344696044921875,1702.0871143341064
356.5,48.89213562011719,56.5,46.4122314453125,43.152828216552734,22.344696044921875,1702.6410465240479
357.0,48.89213562011719,53.88,46.4013557434082,43.12744903564453,22.34837532043457,1703.1949787139893
357.5,48.86675262451172,70,46.379600524902344,43.120201110839844,22.337337493896484,1703.7616024017334
358.0,48.884883880615234,40.82,46.29983901977539,43.058563232421875,22.34837532043457,1704.3191604614258
358.5,48.88863754272461,51.23,46.24558639526367,43.02968978881836,22.333791732788086,1704.8748416900635
359.0,48.881256103515625,59.41,46.22007751464844,43.058563232421875,22.3262996673584,1705.4342136383057
359.5,48.888511657714844,48.72,46.16206741333008,43.098445892333984,22.3262996673584,1705.9899578094482
360.0,48.89575958251953,48.66,46.12943649291992,43.14920425415039,22.315261840820312,1706.5420780181885
360.5,48.899383544921875,51.27,46.12943649291992,43.152828216552734,22.329978942871094,1707.0923862457275
361.0,48.90663528442383,48.58,46.056922912597656,43.18183517456055,22.329978942871094,1707.6390686035156
361.5,48.91388702392578,48.52,45.984413146972656,43.14558029174805,22.322620391845703,1708.1821250915527
362.0,48.90300750732422,61.81,45.930030822753906,43.156455993652344,22.3262996673584,1708.7306213378906
362.5,48.89561080932617,59.37,45.922630310058594,43.1998176574707,22.326147079467773,1709.2828159332275
363.0,48.89561080932617,54.01,45.94438552856445,43.21794128417969,22.326147079467773,1709.8350105285645
363.5,48.8954963684082,54.11,45.95514678955078,43.228702545166016,22.333393096923828,1710.3872623443604
364.0,48.86660385131836,70,45.94438552856445,43.250572204589844,22.35190200805664,1710.9539604187012
364.5,48.855613708496094,62.44,45.92251205444336,43.24320602416992,22.34442901611328,1711.5261535644531
365.0,48.84111404418945,65.15,45.940643310546875,43.17794418334961,22.348108291625977,1712.1055965423584
365.5,48.84111404418945,54.64,45.940643310546875,43.14894104003906,22.348108291625977,1712.6850395202637
366.0,48.837486267089844,57.32,45.95514678955078,43.14894104003906,22.355466842651367,1713.2662963867188
366.5,48.82298278808594,65.38,45.94426727294922,43.13081359863281,22.366504669189453,1713.8548049926758
367.0,48.81210708618164,62.87,45.976898193359375,43.156192779541016,22.37018585205078,1714.448751449585
367.5,48.80847930908203,57.66,45.973270416259766,43.14531707763672,22.373863220214844,1715.044511795044
368.0,48.81573486328125,49.7,45.995025634765625,43.18519592285156,22.377544403076172,1715.6366443634033
368.5,48.82298278808594,49.65,46.013153076171875,43.1271858215332,22.373863220214844,1716.2251529693604
369.0,48.855464935302734,31.01,46.034759521484375,43.06540298461914,22.362672805786133,1716.797420501709
369.5,48.873741149902344,41.15,46.056663513183594,43.00754165649414,22.359148025512695,1717.3605499267578
370.0,48.891719818115234,41.2,46.07463836669922,43.03276824951172,22.377389907836914,1717.9146900177002
370.5,48.949729919433594,11.56,46.04200744628906,43.07990264892578,22.377389907836914,1718.4398250579834
371.0,48.92435073852539,70,46.031131744384766,43.11253356933594,22.370031356811523,1718.9776496887207
371.5,48.939002990722656,43.17,46.03490447998047,43.10905838012695,22.362825393676758,1719.5081481933594
372.0,48.942474365234375,51.27,46.04563522338867,43.13791275024414,22.362672805786133,1720.0369110107422
372.5,48.96060562133789,40.45,46.067386627197266,43.181419372558594,22.355316162109375,1720.5566082000732
373.0,48.9642333984375,50.96,46.09638977050781,43.174171447753906,22.351634979248047,1721.0744915008545
373.5,48.95318603515625,61.74,46.1361083984375,43.17762756347656,22.358823776245117,1721.5978984832764
374.0,48.920555114746094,70,46.12885284423828,43.14862060546875,22.33306884765625,1722.1376209259033
374.5,48.884300231933594,70,46.13248062133789,43.11236572265625,22.329389572143555,1722.6954708099365
375.0,48.86979675292969,65.14,46.12522506713867,43.126869201660156,22.336746215820312,1723.2605724334717
375.5,48.85529327392578,65.3,46.10347366333008,43.1304931640625,22.34778594970703,1723.8329257965088
376.0,48.85166931152344,57.45,46.05634307861328,43.181251525878906,22.33306884765625,1724.407091140747
376.5,48.85892105102539,49.5,46.00196075439453,43.23200988769531,22.329389572143555,1724.9776306152344
377.0,48.85529327392578,57.45,46.00920867919922,43.29001998901367,22.329389572143555,1725.5499839782715
377.5,48.85166931152344,57.5,46.05271530151367,43.34440231323242,22.329389572143555,1726.1241493225098
378.0,48.85151672363281,54.99,46.08882141113281,43.37688446044922,22.321876525878906,1726.6983909606934
378.5,48.84804153442383,57.45,46.078094482421875,43.38791275024414,22.34042739868164,1727.2743701934814
379.0,48.82976531982422,68.4,46.04894256591797,43.384132385253906,22.325557708740234,1727.8594875335693
379.5,48.83716583251953,49.7,46.041839599609375,43.39516067504883,22.329389572143555,1728.4409046173096
380.0,48.85151672363281,44.52,46.00543212890625,43.37688446044922,22.329235076904297,1729.0151462554932
380.5,48.85877227783203,49.61,45.983680725097656,43.36238098144531,22.336593627929688,1729.5857601165771
381.0,48.86964797973633,46.89,45.972801208496094,43.318870544433594,22.329235076904297,1730.150936126709
381.5,48.88777160644531,41.45,45.95467758178711,43.293495178222656,22.325557708740234,1730.7070503234863
382.0,48.87327194213867,65.3,45.9510498046875,43.22098159790039,22.318199157714844,1731.270414352417
382.5,48.88401794433594,46.88,45.95092010498047,43.1157112121582,22.32174301147461,1731.828405380249
383.0,48.9057731628418,38.68,45.97629928588867,43.09033203125,22.332782745361328,1732.3755187988281
